mfcc_13_1,mfcc_13_2,mfcc_13_3,mfcc_13_4,mfcc_13_5,mfcc_13_6,mfcc_13_7,mfcc_13_8,mfcc_13_9,mfcc_13_10,mfcc_13_11,mfcc_13_12,mfcc_13_13,del_mfcc_13_1,del_mfcc_13_2,del_mfcc_13_3,del_mfcc_13_4,del_mfcc_13_5,del_mfcc_13_6,del_mfcc_13_7,del_mfcc_13_8,del_mfcc_13_9,del_mfcc_13_10,del_mfcc_13_11,del_mfcc_13_12,del_mfcc_13_13,del_del_mfcc_13_1,del_del_mfcc_13_2,del_del_mfcc_13_3,del_del_mfcc_13_4,del_del_mfcc_13_5,del_del_mfcc_13_6,del_del_mfcc_13_7,del_del_mfcc_13_8,del_del_mfcc_13_9,del_del_mfcc_13_10,del_del_mfcc_13_11,del_del_mfcc_13_12,del_del_mfcc_13_13,mfcc_16_1,mfcc_16_2,mfcc_16_3,mfcc_16_4,mfcc_16_5,mfcc_16_6,mfcc_16_7,mfcc_16_8,mfcc_16_9,mfcc_16_10,mfcc_16_11,mfcc_16_12,mfcc_16_13,mfcc_16_14,mfcc_16_15,mfcc_16_16,del_mfcc_16_1,del_mfcc_16_2,del_mfcc_16_3,del_mfcc_16_4,del_mfcc_16_5,del_mfcc_16_6,del_mfcc_16_7,del_mfcc_16_8,del_mfcc_16_9,del_mfcc_16_10,del_mfcc_16_11,del_mfcc_16_12,del_mfcc_16_13,del_mfcc_16_14,del_mfcc_16_15,del_mfcc_16_16,del_del_mfcc_16_1,del_del_mfcc_16_2,del_del_mfcc_16_3,del_del_mfcc_16_4,del_del_mfcc_16_5,del_del_mfcc_16_6,del_del_mfcc_16_7,del_del_mfcc_16_8,del_del_mfcc_16_9,del_del_mfcc_16_10,del_del_mfcc_16_11,del_del_mfcc_16_12,del_del_mfcc_16_13,del_del_mfcc_16_14,del_del_mfcc_16_15,del_del_mfcc_16_16,mfcc_20_1,mfcc_20_2,mfcc_20_3,mfcc_20_4,mfcc_20_5,mfcc_20_6,mfcc_20_7,mfcc_20_8,mfcc_20_9,mfcc_20_10,mfcc_20_11,mfcc_20_12,mfcc_20_13,mfcc_20_14,mfcc_20_15,mfcc_20_16,mfcc_20_17,mfcc_20_18,mfcc_20_19,mfcc_20_20,del_mfcc_20_1,del_mfcc_20_2,del_mfcc_20_3,del_mfcc_20_4,del_mfcc_20_5,del_mfcc_20_6,del_mfcc_20_7,del_mfcc_20_8,del_mfcc_20_9,del_mfcc_20_10,del_mfcc_20_11,del_mfcc_20_12,del_mfcc_20_13,del_mfcc_20_14,del_mfcc_20_15,del_mfcc_20_16,del_mfcc_20_17,del_mfcc_20_18,del_mfcc_20_19,del_mfcc_20_20,del_del_mfcc_20_1,del_del_mfcc_20_2,del_del_mfcc_20_3,del_del_mfcc_20_4,del_del_mfcc_20_5,del_del_mfcc_20_6,del_del_mfcc_20_7,del_del_mfcc_20_8,del_del_mfcc_20_9,del_del_mfcc_20_10,del_del_mfcc_20_11,del_del_mfcc_20_12,del_del_mfcc_20_13,del_del_mfcc_20_14,del_del_mfcc_20_15,del_del_mfcc_20_16,del_del_mfcc_20_17,del_del_mfcc_20_18,del_del_mfcc_20_19,del_del_mfcc_20_20,pitch_1024_mean,pitch_1024_max,pitch_1024_min,pitch_1024_std,pitch_2048_mean,pitch_2048_max,pitch_2048_min,pitch_2048_std,pitch_4096_mean,pitch_4096_max,pitch_4096_min,pitch_4096_std,lpc13_0,lpc13_1,lpc13_2,lpc13_3,lpc13_4,lpc13_5,lpc13_6,lpc13_7,lpc13_8,lpc13_9,lpc13_10,lpc13_11,lpc13_12,lpc16_0,lpc16_1,lpc16_2,lpc16_3,lpc16_4,lpc16_5,lpc16_6,lpc16_7,lpc16_8,lpc16_9,lpc16_10,lpc16_11,lpc16_12,lpc16_13,lpc16_14,lpc16_15,lpc20_0,lpc20_1,lpc20_2,lpc20_3,lpc20_4,lpc20_5,lpc20_6,lpc20_7,lpc20_8,lpc20_9,lpc20_10,lpc20_11,lpc20_12,lpc20_13,lpc20_14,lpc20_15,lpc20_16,lpc20_17,lpc20_18,lpc20_19,label
575.1794,-43.359795,-21.336767,16.463793,0.9109038,10.038766,-16.20872,-15.63464,-4.7127132,14.798363,-2.589513,5.4291506,3.9573586,-0.054287996,-0.02005067,0.006416321,-0.029223738,-0.042936474,-0.051224913,0.009597915,-0.022425126,-0.032982405,-0.03867004,-0.033570357,0.020847704,-0.03745383,0.032334253,-0.0016304529,-0.025661808,0.012723441,0.0067613604,0.02412443,-0.0003418097,-0.03567675,0.026373822,0.021186866,0.0061503807,-0.041925337,0.018053817,575.1794,-43.359795,-21.336767,16.463793,0.9109038,10.038766,-16.20872,-15.63464,-4.7127132,14.798363,-2.589513,5.4291506,3.9573586,3.897273,-6.299375,5.438759,-0.054287996,-0.02005067,0.006416321,-0.029223738,-0.042936474,-0.051224913,0.009597915,-0.022425126,-0.032982405,-0.03867004,-0.033570357,0.020847704,-0.03745383,-0.045090068,-0.015302175,0.0010519826,0.032334253,-0.0016304529,-0.025661808,0.012723441,0.0067613604,0.02412443,-0.0003418097,-0.03567675,0.026373822,0.021186866,0.0061503807,-0.041925337,0.018053817,0.03374678,-0.027432112,0.012338519,575.1794,-43.359795,-21.336767,16.463793,0.9109038,10.038766,-16.20872,-15.63464,-4.7127132,14.798363,-2.589513,5.4291506,3.9573586,3.897273,-6.299375,5.438759,-2.8986528,2.5584688,-3.3692596,2.847404,-0.054287996,-0.02005067,0.006416321,-0.029223738,-0.042936474,-0.051224913,0.009597915,-0.022425126,-0.032982405,-0.03867004,-0.033570357,0.020847704,-0.03745383,-0.045090068,-0.015302175,0.0010519826,-0.017230723,-0.037833024,-0.016811272,-0.003311132,0.032334253,-0.0016304529,-0.025661808,0.012723441,0.0067613604,0.02412443,-0.0003418097,-0.03567675,0.026373822,0.021186866,0.0061503807,-0.041925337,0.018053817,0.03374678,-0.027432112,0.012338519,-0.029270295,0.033696063,-0.0007761854,-0.018393569,2207.736,3987.0688,0.0,1158.0853,2209.0935,3984.3694,0.0,1076.9851,2247.7683,3984.9944,0.0,1105.4125,0.27211148,1.0332289,0.015971862,0.8263702,-0.12674488,0.6768121,-0.08127904,0.5840237,-0.23844922,0.10938308,-0.43548036,-0.13943195,-0.20755967,0.26768407,1.0536288,0.0068079084,0.8504618,-0.19298033,0.6984101,-0.17790301,0.64310914,-0.32422084,0.18237737,-0.5416358,-0.06612551,-0.3229802,0.06970826,-0.0756139,0.12042025,0.2512704,1.0679754,-0.0148743335,0.8846324,-0.21785334,0.75052893,-0.2293126,0.7037157,-0.4041664,0.2542927,-0.6314966,0.0037129978,-0.42674598,0.13270427,-0.18764801,0.16770689,-0.098885946,0.052718285,-0.039353758,-0.0034543187,3
594.78955,0.7288659,-13.335579,19.066273,-7.624814,16.828817,-6.620611,-18.438292,-6.0169606,7.856581,0.105000995,5.9445014,2.4226365,0.060011666,0.07165022,0.034738228,0.033285048,-0.007939174,-0.020210622,0.029766731,-0.026819095,0.0033146434,-0.023580737,-0.020356283,-0.007759802,-0.038677055,-0.03698962,-0.01621144,-0.028798636,0.021215346,0.008507435,-0.040246215,-0.030329207,-0.013318257,-0.0660487,-0.024900625,0.0023097098,-0.007617052,-0.03333304,594.78955,0.7288659,-13.335579,19.066273,-7.624814,16.828817,-6.620611,-18.438292,-6.0169606,7.856581,0.105000995,5.9445014,2.4226365,9.843577,-8.082026,7.399101,0.060011666,0.07165022,0.034738228,0.033285048,-0.007939174,-0.020210622,0.029766731,-0.026819095,0.0033146434,-0.023580737,-0.020356283,-0.007759802,-0.038677055,-0.048031252,-0.019109366,0.036701668,-0.03698962,-0.01621144,-0.028798636,0.021215346,0.008507435,-0.040246215,-0.030329207,-0.013318257,-0.0660487,-0.024900625,0.0023097098,-0.007617052,-0.03333304,-0.021593707,-0.0031033244,-0.05387072,594.78955,0.7288659,-13.335579,19.066273,-7.624814,16.828817,-6.620611,-18.438292,-6.0169606,7.856581,0.105000995,5.9445014,2.4226365,9.843577,-8.082026,7.399101,-6.8976436,0.95507616,-0.18199286,5.4581566,0.060011666,0.07165022,0.034738228,0.033285048,-0.007939174,-0.020210622,0.029766731,-0.026819095,0.0033146434,-0.023580737,-0.020356283,-0.007759802,-0.038677055,-0.048031252,-0.019109366,0.036701668,-0.044488814,-0.0854302,-0.014582235,0.036677815,-0.03698962,-0.01621144,-0.028798636,0.021215346,0.008507435,-0.040246215,-0.030329207,-0.013318257,-0.0660487,-0.024900625,0.0023097098,-0.007617052,-0.03333304,-0.021593707,-0.0031033244,-0.05387072,-0.01152224,0.034042723,-0.0007650767,-0.025286844,1764.9758,3967.6196,149.02899,1315.9839,1743.8535,3946.3687,164.73036,1293.7753,1835.8138,3964.3008,179.9573,1317.742,-0.75258476,0.86468226,-0.55284756,0.5246178,-0.6271325,0.47479564,-0.5369016,0.43160287,-0.23788488,0.29031745,-0.30661988,0.25602907,-0.19943483,-0.75353426,0.8762636,-0.6011808,0.5863031,-0.69276774,0.5502613,-0.60290056,0.52563703,-0.36791146,0.39526007,-0.4458126,0.393518,-0.32237756,0.20723915,-0.111068934,0.20351624,-0.70865166,0.85424787,-0.5853545,0.5449616,-0.68013245,0.54615694,-0.61697716,0.5433952,-0.3464946,0.3878789,-0.48109898,0.3977164,-0.35502097,0.24309923,-0.088779986,0.25176698,-0.022068113,0.19392839,-0.08553396,-0.043135785,6
602.3146,-44.60702,-52.85214,-3.2057052,-14.522916,5.4126725,-9.838513,-7.8261943,-9.430616,-9.7772665,-4.24644,-1.0847828,-6.2493224,0.47471896,-0.19498537,-0.037908267,0.028024575,-0.011238098,0.0444755,0.001162617,-0.017205987,0.02426903,-0.010892031,-0.007583527,0.040654473,-0.010406079,0.012280726,-0.011153758,-0.0115798805,-0.00801234,-0.015547575,-0.009180899,-0.010590695,0.014277169,-0.015526764,-0.033698738,-0.030370189,-0.026962047,0.007506858,602.3146,-44.60702,-52.85214,-3.2057052,-14.522916,5.4126725,-9.838513,-7.8261943,-9.430616,-9.7772665,-4.24644,-1.0847828,-6.2493224,2.6661026,-5.990108,-1.4819409,0.47471896,-0.19498537,-0.037908267,0.028024575,-0.011238098,0.0444755,0.001162617,-0.017205987,0.02426903,-0.010892031,-0.007583527,0.040654473,-0.010406079,0.035570554,-0.06973444,-0.07353181,0.012280726,-0.011153758,-0.0115798805,-0.00801234,-0.015547575,-0.009180899,-0.010590695,0.014277169,-0.015526764,-0.033698738,-0.030370189,-0.026962047,0.007506858,-0.032199714,-0.05001068,-0.043251753,602.3146,-44.60702,-52.85214,-3.2057052,-14.522916,5.4126725,-9.838513,-7.8261943,-9.430616,-9.7772665,-4.24644,-1.0847828,-6.2493224,2.6661026,-5.990108,-1.4819409,-9.246383,2.7707555,-8.637934,0.97926474,0.47471896,-0.19498537,-0.037908267,0.028024575,-0.011238098,0.0444755,0.001162617,-0.017205987,0.02426903,-0.010892031,-0.007583527,0.040654473,-0.010406079,0.035570554,-0.06973444,-0.07353181,-0.0030266983,0.06643314,-0.037377916,0.030354602,0.012280726,-0.011153758,-0.0115798805,-0.00801234,-0.015547575,-0.009180899,-0.010590695,0.014277169,-0.015526764,-0.033698738,-0.030370189,-0.026962047,0.007506858,-0.032199714,-0.05001068,-0.043251753,0.0060044234,0.0013430984,-0.01885999,-0.022735748,2431.741,3971.1785,175.73218,1148.3352,2356.4966,3992.574,218.91432,1154.9974,2174.1345,3878.9214,217.54503,1114.2014,-0.06981898,0.40646213,0.044412926,0.3358037,0.13323578,0.56960094,0.037117712,0.3802217,0.010603248,0.19768487,0.052438825,0.16040704,0.009642079,-0.077863835,0.4466104,0.04200857,0.3919675,0.13416505,0.65357906,0.028202264,0.52159667,0.01143568,0.33358297,0.06651889,0.26661968,-0.0058522024,0.19473663,-0.04414013,0.15995938,-0.0733775,0.45508134,0.044870052,0.40521103,0.13972735,0.6729003,0.04021167,0.54493135,0.025521625,0.36803505,0.083473094,0.31330687,0.012046582,0.22803807,-0.029210653,0.18896538,0.018188005,0.060583856,0.0016501929,0.016755627,0
604.6391,-48.175625,-5.1161003,15.241296,-4.0583777,0.83803594,-13.88634,-13.632681,-12.709014,-3.2338593,-3.9118729,8.447145,-7.8570285,-0.04412445,0.066094935,-0.040364504,0.013081389,0.009897061,-0.030106364,0.030615464,-0.029293137,0.0068891332,-0.0151684,-0.0034742164,-0.019337133,0.00737123,0.017361434,-0.015984118,0.0020174861,-0.011705581,0.012231123,-0.01282551,0.00849818,-0.02512476,0.0059119468,0.009336918,-0.029696036,0.040631108,-0.034743488,604.6391,-48.175625,-5.1161003,15.241296,-4.0583777,0.83803594,-13.88634,-13.632681,-12.709014,-3.2338593,-3.9118729,8.447145,-7.8570285,1.8716129,-6.4788594,-1.6788907,-0.04412445,0.066094935,-0.040364504,0.013081389,0.009897061,-0.030106364,0.030615464,-0.029293137,0.0068891332,-0.0151684,-0.0034742164,-0.019337133,0.00737123,-0.0060270405,-0.021218285,-0.013744068,0.017361434,-0.015984118,0.0020174861,-0.011705581,0.012231123,-0.01282551,0.00849818,-0.02512476,0.0059119468,0.009336918,-0.029696036,0.040631108,-0.034743488,0.00887364,0.0071951635,0.0008570944,604.6391,-48.175625,-5.1161003,15.241296,-4.0583777,0.83803594,-13.88634,-13.632681,-12.709014,-3.2338593,-3.9118729,8.447145,-7.8570285,1.8716129,-6.4788594,-1.6788907,-5.2526097,-0.09491514,-3.2933502,1.1046513,-0.04412445,0.066094935,-0.040364504,0.013081389,0.009897061,-0.030106364,0.030615464,-0.029293137,0.0068891332,-0.0151684,-0.0034742164,-0.019337133,0.00737123,-0.0060270405,-0.021218285,-0.013744068,-0.0068126963,-0.0019570685,-0.0075497343,-0.028873181,0.017361434,-0.015984118,0.0020174861,-0.011705581,0.012231123,-0.01282551,0.00849818,-0.02512476,0.0059119468,0.009336918,-0.029696036,0.040631108,-0.034743488,0.00887364,0.0071951635,0.0008570944,0.0051926463,-0.009931852,0.009414213,0.0009016248,2382.3682,3951.3342,152.60413,1407.6317,2440.9006,3858.7087,170.47055,1365.7329,2541.8555,3832.261,341.2873,1281.6534,0.4856003,0.33355725,-0.18457237,0.021241888,-0.241604,0.10171339,0.037697386,0.26970777,-0.039130304,0.06554554,-0.012864342,0.045976765,-0.11486118,0.48304328,0.33605972,-0.19363801,0.025825452,-0.2442043,0.110041276,0.030308537,0.2888873,-0.041075192,0.07732975,-0.03205534,0.054123458,-0.1287479,0.025010724,0.016222224,0.069689035,0.49487463,0.37219125,-0.1732758,0.04393083,-0.26192087,0.114156224,0.006385453,0.3082333,-0.04139495,0.13414226,-0.022089943,0.11009314,-0.15525529,0.033480376,-0.043455087,0.12126367,0.06601687,0.20810214,0.102107435,0.14213176,3
565.609,-26.446175,-22.430204,8.8494,-4.1996393,-8.431401,-16.120584,-19.273687,-11.387289,-0.968437,-13.154886,4.2660284,-5.4437685,-0.030718673,0.014489977,-0.035596125,-0.0038017875,-0.016134413,-0.010498147,-0.015691295,-0.011745934,-0.015065434,-0.006776619,-0.012929776,-0.013617895,-0.008639165,-0.014638185,0.006002581,-0.0029508197,-0.018624362,0.009560365,-0.012665017,0.0018975596,-0.014468082,0.0038685268,-0.009590144,0.0014317452,-0.008433847,-0.010163862,565.609,-26.446175,-22.430204,8.8494,-4.1996393,-8.431401,-16.120584,-19.273687,-11.387289,-0.968437,-13.154886,4.2660284,-5.4437685,0.98504174,-9.676472,0.9718545,-0.030718673,0.014489977,-0.035596125,-0.0038017875,-0.016134413,-0.010498147,-0.015691295,-0.011745934,-0.015065434,-0.006776619,-0.012929776,-0.013617895,-0.008639165,-0.010917312,-0.002320641,-0.021455128,-0.014638185,0.006002581,-0.0029508197,-0.018624362,0.009560365,-0.012665017,0.0018975596,-0.014468082,0.0038685268,-0.009590144,0.0014317452,-0.008433847,-0.010163862,0.010186796,-0.015685288,0.0018386337,565.609,-26.446175,-22.430204,8.8494,-4.1996393,-8.431401,-16.120584,-19.273687,-11.387289,-0.968437,-13.154886,4.2660284,-5.4437685,0.98504174,-9.676472,0.9718545,-12.667125,0.8633583,-6.7668905,2.7930896,-0.030718673,0.014489977,-0.035596125,-0.0038017875,-0.016134413,-0.010498147,-0.015691295,-0.011745934,-0.015065434,-0.006776619,-0.012929776,-0.013617895,-0.008639165,-0.010917312,-0.002320641,-0.021455128,0.007999059,-0.02490282,0.011289084,-0.017804217,-0.014638185,0.006002581,-0.0029508197,-0.018624362,0.009560365,-0.012665017,0.0018975596,-0.014468082,0.0038685268,-0.009590144,0.0014317452,-0.008433847,-0.010163862,0.010186796,-0.015685288,0.0018386337,-0.0071766363,-0.0016622543,-0.0019603632,-0.00474621,1796.2758,3954.5593,0.0,1357.671,1688.9205,3956.6306,164.87177,1386.956,1265.9067,3393.0278,186.80144,1073.0262,-0.16860612,-0.22543463,-0.13155705,0.3702144,-0.25981116,0.21795835,-0.015094559,0.23527376,-0.13053365,0.022645965,-0.08648903,0.16294852,0.011786567,-0.17012636,-0.19791234,-0.14660265,0.37910217,-0.28296626,0.25693727,-0.02700511,0.27407014,-0.17298515,0.08777009,-0.12000564,0.14379072,-0.0125217885,0.1404073,-0.023474727,0.027525328,-0.1387512,-0.18822575,-0.14899585,0.38260287,-0.26199076,0.28874305,-0.01424635,0.29658914,-0.18688138,0.100990735,-0.1240167,0.20843515,0.0019829548,0.18542913,-0.048365794,0.080958314,-0.05075171,-0.0044982396,0.07569334,0.21668896,4
611.8993,23.99028,-7.7237763,30.581465,-4.9625835,-3.9750028,-12.111768,-19.015926,-8.494441,-2.530941,0.43097106,11.053337,-11.074702,-0.85044134,0.028559163,0.07424237,-0.045998394,-0.13378961,0.05364045,0.06328187,0.007053054,0.06898937,-0.08977103,-0.019305037,0.12748025,0.09754274,-0.14204268,-0.0153525,0.08984435,-0.0370858,-0.03679871,0.03959409,0.055696078,0.02796149,0.015449138,-0.044862267,-0.042254496,-0.0050819665,0.0077165933,611.8993,23.99028,-7.7237763,30.581465,-4.9625835,-3.9750028,-12.111768,-19.015926,-8.494441,-2.530941,0.43097106,11.053337,-11.074702,3.9508822,-9.497706,1.2278123,-0.85044134,0.028559163,0.07424237,-0.045998394,-0.13378961,0.05364045,0.06328187,0.007053054,0.06898937,-0.08977103,-0.019305037,0.12748025,0.09754274,0.07099701,0.0349485,-0.07151943,-0.14204268,-0.0153525,0.08984435,-0.0370858,-0.03679871,0.03959409,0.055696078,0.02796149,0.015449138,-0.044862267,-0.042254496,-0.0050819665,0.0077165933,-0.034357052,-0.017941985,-0.040859897,611.8993,23.99028,-7.7237763,30.581465,-4.9625835,-3.9750028,-12.111768,-19.015926,-8.494441,-2.530941,0.43097106,11.053337,-11.074702,3.9508822,-9.497706,1.2278123,-2.3898568,7.207625,-8.148179,0.25488853,-0.85044134,0.028559163,0.07424237,-0.045998394,-0.13378961,0.05364045,0.06328187,0.007053054,0.06898937,-0.08977103,-0.019305037,0.12748025,0.09754274,0.07099701,0.0349485,-0.07151943,0.01964662,0.015611265,0.10447632,0.090949774,-0.14204268,-0.0153525,0.08984435,-0.0370858,-0.03679871,0.03959409,0.055696078,0.02796149,0.015449138,-0.044862267,-0.042254496,-0.0050819665,0.0077165933,-0.034357052,-0.017941985,-0.040859897,0.015091723,-0.040974762,-0.011714473,0.010993245,1345.5519,3976.1035,152.77121,1385.5605,1309.8622,3766.8965,154.6577,1357.3989,663.5521,3765.8105,155.4097,780.459,-0.5848163,0.38637152,-0.3482254,0.1246863,-0.4513656,0.4085592,-0.4424562,0.2030431,-0.16500492,0.20574823,0.0011345036,0.26121694,-0.091302864,-0.57318467,0.4227025,-0.3332678,0.18555182,-0.4609728,0.43893838,-0.5105092,0.24476689,-0.25097057,0.22727065,-0.09172116,0.30773968,-0.18080908,0.15110654,0.030222334,0.11284773,-0.578711,0.43533558,-0.34115747,0.19629711,-0.48801714,0.48179305,-0.5438607,0.2719656,-0.29042763,0.26626968,-0.1532606,0.38391876,-0.2551613,0.20197056,-0.010127053,0.17198105,-0.07728471,0.13121861,-0.079627484,-0.0037399693,1
560.9586,6.7491236,-10.629884,22.48012,-3.9052558,12.355011,-12.7136345,-19.297062,-8.180319,-3.6689463,-0.16616234,6.135531,-2.3979049,0.7387685,-0.057353843,-0.06542191,0.0019387692,0.04845209,0.06559112,-0.09029552,0.006391719,0.08047793,-0.004175656,-0.04986701,0.06314386,0.022357443,-0.064497866,-0.037343,0.013116754,-0.009597205,0.004240184,0.0026420297,0.0058583193,0.022212094,0.031245338,-0.009641777,-0.04807264,-0.043094385,0.012384952,560.9586,6.7491236,-10.629884,22.48012,-3.9052558,12.355011,-12.7136345,-19.297062,-8.180319,-3.6689463,-0.16616234,6.135531,-2.3979049,3.511299,-9.370653,1.6684813,0.7387685,-0.057353843,-0.06542191,0.0019387692,0.04845209,0.06559112,-0.09029552,0.006391719,0.08047793,-0.004175656,-0.04986701,0.06314386,0.022357443,0.049073186,-0.06162225,-0.02907564,-0.064497866,-0.037343,0.013116754,-0.009597205,0.004240184,0.0026420297,0.0058583193,0.022212094,0.031245338,-0.009641777,-0.04807264,-0.043094385,0.012384952,0.003272001,-0.03810326,-0.026331421,560.9586,6.7491236,-10.629884,22.48012,-3.9052558,12.355011,-12.7136345,-19.297062,-8.180319,-3.6689463,-0.16616234,6.135531,-2.3979049,3.511299,-9.370653,1.6684813,-6.298798,0.9198297,-2.330496,2.014751,0.7387685,-0.057353843,-0.06542191,0.0019387692,0.04845209,0.06559112,-0.09029552,0.006391719,0.08047793,-0.004175656,-0.04986701,0.06314386,0.022357443,0.049073186,-0.06162225,-0.02907564,0.0021424869,-0.0038593863,0.01477282,0.028000578,-0.064497866,-0.037343,0.013116754,-0.009597205,0.004240184,0.0026420297,0.0058583193,0.022212094,0.031245338,-0.009641777,-0.04807264,-0.043094385,0.012384952,0.003272001,-0.03810326,-0.026331421,0.00027875992,0.0042696553,0.030671213,-0.00016172187,1646.4122,3990.8198,0.0,1548.0048,1435.282,3985.2488,0.0,1466.8799,1232.531,3906.6892,166.73012,1321.4828,-0.11382436,0.17272371,-0.3244518,-0.151221,-0.2011648,0.20179535,-0.18381952,0.21355665,-0.034475386,-0.043718167,0.071274206,0.12239108,-0.068638965,-0.092980355,0.22277737,-0.30625728,-0.1392232,-0.217829,0.2245122,-0.2076019,0.27384266,-0.086359344,-0.056664042,-0.048175897,0.10399376,-0.12196748,0.23216078,0.07681079,0.1625111,-0.08878058,0.23064257,-0.2956023,-0.12448976,-0.21374978,0.25167716,-0.22851585,0.28100803,-0.079352185,-0.063817725,-0.058728375,0.13377804,-0.16182081,0.2461778,0.061465822,0.15736455,0.0038342904,0.04742667,-0.039767355,0.104416914,6
587.36646,-36.38256,-36.699947,5.183384,-12.891058,1.366949,0.26075217,-12.101719,-14.350471,-9.168286,-1.0726256,-3.0354898,-10.186211,-0.3114857,-0.04094929,0.24797736,-0.032393884,-0.1851527,0.024095317,0.05149829,-0.041154303,0.06421694,-0.029055748,-0.04984582,0.037896607,0.047299415,-0.006684519,0.02021058,-0.025779739,-0.045484286,-0.038823035,-0.019359421,0.010687473,-0.031620868,-0.0068663713,0.035089955,0.016330255,-0.03987006,0.0012054443,587.36646,-36.38256,-36.699947,5.183384,-12.891058,1.366949,0.26075217,-12.101719,-14.350471,-9.168286,-1.0726256,-3.0354898,-10.186211,4.073615,-9.193602,0.46087503,-0.3114857,-0.04094929,0.24797736,-0.032393884,-0.1851527,0.024095317,0.05149829,-0.041154303,0.06421694,-0.029055748,-0.04984582,0.037896607,0.047299415,-0.016516523,-0.005289755,0.009006185,-0.006684519,0.02021058,-0.025779739,-0.045484286,-0.038823035,-0.019359421,0.010687473,-0.031620868,-0.0068663713,0.035089955,0.016330255,-0.03987006,0.0012054443,0.020395651,0.01833204,-0.014333138,587.36646,-36.38256,-36.699947,5.183384,-12.891058,1.366949,0.26075217,-12.101719,-14.350471,-9.168286,-1.0726256,-3.0354898,-10.186211,4.073615,-9.193602,0.46087503,-7.819474,1.3292587,-8.556908,0.2100754,-0.3114857,-0.04094929,0.24797736,-0.032393884,-0.1851527,0.024095317,0.05149829,-0.041154303,0.06421694,-0.029055748,-0.04984582,0.037896607,0.047299415,-0.016516523,-0.005289755,0.009006185,0.0113651045,-0.00481682,0.0478088,-0.0073853685,-0.006684519,0.02021058,-0.025779739,-0.045484286,-0.038823035,-0.019359421,0.010687473,-0.031620868,-0.0068663713,0.035089955,0.016330255,-0.03987006,0.0012054443,0.020395651,0.01833204,-0.014333138,0.005101699,0.0079504065,-0.017504932,0.025487248,2197.726,3958.317,0.0,1256.5527,2243.767,3954.941,304.6316,1177.7897,2393.7498,3951.6758,844.5677,1118.7336,0.18860337,0.25723553,0.07121602,0.23673537,-0.04849161,0.3771248,-0.07718481,0.28516075,0.14123562,0.2875545,0.11368747,0.16727784,-0.16312166,0.20273972,0.2582438,0.041774377,0.21240497,-0.07964562,0.3549174,-0.09109284,0.27592817,0.10813522,0.28997287,0.08560154,0.15171379,-0.19679357,-0.07767478,-0.08341894,0.039463904,0.20502454,0.26418105,0.034035422,0.200998,-0.093330026,0.37852585,-0.08613278,0.32706755,0.1368453,0.33770713,0.10222013,0.21598622,-0.21025738,-0.014338445,-0.077528015,0.0969832,0.081761986,0.12206632,-0.017732456,0.09418476,0
589.3312,-10.814291,-29.972345,4.3177495,-3.307726,-8.005448,-18.362617,-23.444994,-15.744386,1.8798814,-17.180664,3.874229,-4.182477,1.7624258,-0.11403545,-0.32244694,-0.10999843,-0.12898149,-0.01557372,-0.07144722,-0.073771,0.09773069,0.027470877,0.010589798,-0.062710635,-0.13486542,-0.083300605,-0.059634943,0.0031712118,0.029590847,0.017475728,-0.08732371,-0.027179206,-0.050878704,-0.014451881,-0.009545531,-0.018041749,-0.047951113,0.029471412,589.3312,-10.814291,-29.972345,4.3177495,-3.307726,-8.005448,-18.362617,-23.444994,-15.744386,1.8798814,-17.180664,3.874229,-4.182477,1.3747586,-14.012412,0.6534897,1.7624258,-0.11403545,-0.32244694,-0.10999843,-0.12898149,-0.01557372,-0.07144722,-0.073771,0.09773069,0.027470877,0.010589798,-0.062710635,-0.13486542,0.124396555,-0.07330539,0.06711098,-0.083300605,-0.059634943,0.0031712118,0.029590847,0.017475728,-0.08732371,-0.027179206,-0.050878704,-0.014451881,-0.009545531,-0.018041749,-0.047951113,0.029471412,0.0063770055,0.03797625,-0.01240205,589.3312,-10.814291,-29.972345,4.3177495,-3.307726,-8.005448,-18.362617,-23.444994,-15.744386,1.8798814,-17.180664,3.874229,-4.182477,1.3747586,-14.012412,0.6534897,-15.490208,-2.0496118,-7.2572894,-1.6586647,1.7624258,-0.11403545,-0.32244694,-0.10999843,-0.12898149,-0.01557372,-0.07144722,-0.073771,0.09773069,0.027470877,0.010589798,-0.062710635,-0.13486542,0.124396555,-0.07330539,0.06711098,-0.030235386,0.020388776,-0.03738897,0.06559604,-0.083300605,-0.059634943,0.0031712118,0.029590847,0.017475728,-0.08732371,-0.027179206,-0.050878704,-0.014451881,-0.009545531,-0.018041749,-0.047951113,0.029471412,0.0063770055,0.03797625,-0.01240205,0.03131369,-0.034195565,0.030129083,0.025169352,1107.1998,3985.0967,0.0,985.30115,885.30225,3953.2744,158.06973,737.9703,841.97687,1937.6622,174.43738,519.762,-0.46659172,-0.18309268,-0.011184958,0.4388337,-0.47728676,0.4420397,-0.06588424,0.21718258,-0.24236156,0.056647487,-0.15728086,0.25626358,0.029818138,-0.45263904,-0.15292484,-0.012115363,0.42847076,-0.49806345,0.44413507,-0.045912057,0.2657439,-0.266522,0.064281374,-0.11077451,0.2196933,-0.0462487,0.10047658,0.09399114,-0.020260526,-0.4282956,-0.16088125,-0.020603454,0.4616298,-0.48918894,0.4942805,-0.050059777,0.3164198,-0.33936718,0.09157666,-0.15229991,0.36509672,-0.12130571,0.17570296,0.0994503,0.03160986,-0.17830783,0.12129186,0.07136139,0.110143766,4
582.37805,11.040907,-9.783532,20.948797,-15.400422,18.821032,-3.841871,-13.760191,-6.3590984,-0.71428317,4.044337,2.9476807,0.8512311,0.17287028,-0.11807671,-0.064023145,-0.017210081,-0.013669457,0.03607686,0.031760916,-0.05786647,-0.033067353,-0.052477464,-0.0041909367,0.00594195,-0.054031864,-0.17721222,0.018136328,0.037801143,0.031378068,0.07023456,-0.07109271,-0.036839034,0.060559817,-0.018604346,-0.04226651,-0.038933735,0.011346563,0.013248919,582.37805,11.040907,-9.783532,20.948797,-15.400422,18.821032,-3.841871,-13.760191,-6.3590984,-0.71428317,4.044337,2.9476807,0.8512311,10.456317,-11.564662,6.117998,0.17287028,-0.11807671,-0.064023145,-0.017210081,-0.013669457,0.03607686,0.031760916,-0.05786647,-0.033067353,-0.052477464,-0.0041909367,0.00594195,-0.054031864,-0.034157183,0.007333815,-0.042191446,-0.17721222,0.018136328,0.037801143,0.031378068,0.07023456,-0.07109271,-0.036839034,0.060559817,-0.018604346,-0.04226651,-0.038933735,0.011346563,0.013248919,-0.019831924,-0.017433459,0.014302243,582.37805,11.040907,-9.783532,20.948797,-15.400422,18.821032,-3.841871,-13.760191,-6.3590984,-0.71428317,4.044337,2.9476807,0.8512311,10.456317,-11.564662,6.117998,-5.0784917,-0.00653848,-0.09474156,4.1507163,0.17287028,-0.11807671,-0.064023145,-0.017210081,-0.013669457,0.03607686,0.031760916,-0.05786647,-0.033067353,-0.052477464,-0.0041909367,0.00594195,-0.054031864,-0.034157183,0.007333815,-0.042191446,0.071792774,0.0605598,0.00030414388,-0.07153678,-0.17721222,0.018136328,0.037801143,0.031378068,0.07023456,-0.07109271,-0.036839034,0.060559817,-0.018604346,-0.04226651,-0.038933735,0.011346563,0.013248919,-0.019831924,-0.017433459,0.014302243,-0.042950224,0.021877019,0.040176224,-0.07976375,1815.8065,3957.0515,166.0095,1417.6145,1771.4752,3939.581,168.3919,1399.0719,1811.1167,3906.275,169.34792,1389.4268,-0.38563362,0.33890972,-0.30953184,0.057202738,-0.17863604,0.28736597,-0.23623304,0.34615692,-0.17158347,0.18299925,-0.20226562,-0.014598113,-0.014207586,-0.33648488,0.3374306,-0.33447942,0.03770787,-0.20791914,0.32833597,-0.22677311,0.39609593,-0.17280969,0.20545723,-0.2595119,-0.017067548,-0.065336294,0.12850784,0.110775724,0.16057546,-0.36244172,0.35396323,-0.36550736,0.059826452,-0.22031158,0.36504441,-0.2648044,0.44999772,-0.25618058,0.28059736,-0.35021317,0.07075837,-0.12954755,0.1976618,0.049415886,0.23570421,-0.1424286,0.11102285,-0.11937066,0.0700029,6
625.9297,-44.5997,-31.681866,1.926553,-17.75909,-2.5676396,-0.9558732,-5.454063,-10.598018,-0.82670224,-0.67802596,3.2153137,-5.8530726,0.711523,0.047204137,-0.057694606,-0.03340283,-0.035823833,0.037146863,0.02222684,-0.03836801,-0.01945619,0.051634137,-0.13833548,0.001862759,0.031664778,0.028595228,0.010590583,0.05022348,0.053222023,-0.008999948,-0.00077307795,0.010510643,0.019225596,-0.0076620076,-0.024949346,-0.068468034,0.0019891202,0.038969345,625.9297,-44.5997,-31.681866,1.926553,-17.75909,-2.5676396,-0.9558732,-5.454063,-10.598018,-0.82670224,-0.67802596,3.2153137,-5.8530726,7.901923,-6.8627753,1.6843052,0.711523,0.047204137,-0.057694606,-0.03340283,-0.035823833,0.037146863,0.02222684,-0.03836801,-0.01945619,0.051634137,-0.13833548,0.001862759,0.031664778,0.0040764273,-0.041491937,-0.01742523,0.028595228,0.010590583,0.05022348,0.053222023,-0.008999948,-0.00077307795,0.010510643,0.019225596,-0.0076620076,-0.024949346,-0.068468034,0.0019891202,0.038969345,-0.00805952,-0.008937981,0.027534109,625.9297,-44.5997,-31.681866,1.926553,-17.75909,-2.5676396,-0.9558732,-5.454063,-10.598018,-0.82670224,-0.67802596,3.2153137,-5.8530726,7.901923,-6.8627753,1.6843052,-7.123107,2.4902127,-6.643739,1.1896784,0.711523,0.047204137,-0.057694606,-0.03340283,-0.035823833,0.037146863,0.02222684,-0.03836801,-0.01945619,0.051634137,-0.13833548,0.001862759,0.031664778,0.0040764273,-0.041491937,-0.01742523,-0.00019488174,0.00637269,-0.058808215,-0.06810502,0.028595228,0.010590583,0.05022348,0.053222023,-0.008999948,-0.00077307795,0.010510643,0.019225596,-0.0076620076,-0.024949346,-0.068468034,0.0019891202,0.038969345,-0.00805952,-0.008937981,0.027534109,0.017851805,0.003463218,-0.024734417,-0.038748182,2176.206,3989.5098,0.0,1245.2385,2394.6614,3989.6948,157.48494,1171.1512,2629.8254,3989.652,343.35712,1116.2557,0.30082256,0.4196911,0.15338898,0.33749148,0.02646178,0.41906607,0.07948413,0.37027913,0.13412848,0.25859755,0.036977652,0.12100162,-0.09552598,0.29844335,0.42345402,0.14683108,0.34921387,0.028246945,0.44020045,0.085057504,0.39973968,0.13503484,0.2901728,0.037674032,0.14756052,-0.08534135,0.03974661,0.008414217,0.06197819,0.29466838,0.4339838,0.14527777,0.3626016,0.013383767,0.4545259,0.07135791,0.43403938,0.13700137,0.34882745,0.04226942,0.21816644,-0.08412767,0.09657538,0.011539783,0.11542616,5.388446e-05,0.13264558,0.043810397,0.0648594,0
593.04584,-28.95509,-49.834854,-7.490353,-18.895632,-1.5905075,-3.2588084,-11.504792,-9.6318035,-6.5949106,-3.7249837,-3.4824421,-8.70774,-0.000761184,0.0010737783,-0.0010596587,0.001019039,-0.00093219447,0.000780747,-0.0005548359,0.00025774524,9.2181486e-05,-0.000463376,0.0008157882,-0.0011087308,0.0013088167,-0.0001949056,-0.0031905873,-0.00047659557,-0.0028004032,-0.0009821702,-0.0021962484,-0.0015718079,-0.0016029596,-0.0020541637,-0.0011524571,-0.0023689524,-0.0008402888,-0.0025636982,593.04584,-28.95509,-49.834854,-7.490353,-18.895632,-1.5905075,-3.2588084,-11.504792,-9.6318035,-6.5949106,-3.7249837,-3.4824421,-8.70774,2.1725519,-6.8348436,-3.6467993,-0.000761184,0.0010737783,-0.0010596587,0.001019039,-0.00093219447,0.000780747,-0.0005548359,0.00025774524,9.2181486e-05,-0.000463376,0.0008157882,-0.0011087308,0.0013088167,-0.001395812,0.0013673643,-0.0012382744,-0.0001949056,-0.0031905873,-0.00047659557,-0.0028004032,-0.0009821702,-0.0021962484,-0.0015718079,-0.0016029596,-0.0020541637,-0.0011524571,-0.0023689524,-0.0008402888,-0.0025636982,-0.00060762616,-0.0026800463,-0.00045341492,593.04584,-28.95509,-49.834854,-7.490353,-18.895632,-1.5905075,-3.2588084,-11.504792,-9.6318035,-6.5949106,-3.7249837,-3.4824421,-8.70774,2.1725519,-6.8348436,-3.6467993,-10.941533,3.9882271,-5.98392,2.9996557,-0.000761184,0.0010737783,-0.0010596587,0.001019039,-0.00093219447,0.000780747,-0.0005548359,0.00025774524,9.2181486e-05,-0.000463376,0.0008157882,-0.0011087308,0.0013088167,-0.001395812,0.0013673643,-0.0012382744,0.0010372263,-0.0007998811,0.00056101,-0.0003480447,-0.0001949056,-0.0031905873,-0.00047659557,-0.0028004032,-0.0009821702,-0.0021962484,-0.0015718079,-0.0016029596,-0.0020541637,-0.0011524571,-0.0023689524,-0.0008402888,-0.0025636982,-0.00060762616,-0.0026800463,-0.00045341492,-0.002671922,-0.00046312914,-0.0024389564,-0.00072304567,2064.1501,3988.8564,208.42177,1232.654,1902.2109,3982.4368,210.4553,1135.4026,1887.7249,3844.114,234.27766,955.0308,-0.5830095,0.32201988,0.16963547,0.26426443,-0.159572,0.5019801,-0.18328264,0.3350793,-0.036889512,0.14282289,-0.09194497,0.14720997,-0.08093737,-0.5690959,0.36524814,0.13678358,0.32967192,-0.1570642,0.5995179,-0.190879,0.49733326,-0.05718517,0.2843094,-0.058849603,0.27801844,-0.14659505,0.22205383,-0.021478102,0.17464554,-0.54994637,0.39666957,0.14741533,0.3760887,-0.15759379,0.6537004,-0.18382472,0.5617036,-0.037695237,0.3789791,-0.050783012,0.39745975,-0.14818017,0.31545153,0.015435254,0.24317065,-0.03176491,0.16498671,-0.0022410974,0.06838231,0
604.92737,-35.78421,-11.128686,13.181284,-15.885302,-7.5037775,-13.996786,-18.485823,-21.797878,-3.3138952,-15.4437065,9.491499,-9.178102,0.11728891,0.054694526,0.03799605,0.012304984,0.007410284,-0.023093121,-0.0140067935,0.016503824,0.019802986,-0.022038199,0.017902104,0.015304905,-0.05100334,-0.23009034,0.07683724,0.12690675,-0.07792379,0.017700335,0.061799802,-0.03329576,0.011598587,0.03838558,0.021251388,-0.002819497,-0.017523369,-0.012095092,604.92737,-35.78421,-11.128686,13.181284,-15.885302,-7.5037775,-13.996786,-18.485823,-21.797878,-3.3138952,-15.4437065,9.491499,-9.178102,-0.12584223,-10.239287,-2.887893,0.11728891,0.054694526,0.03799605,0.012304984,0.007410284,-0.023093121,-0.0140067935,0.016503824,0.019802986,-0.022038199,0.017902104,0.015304905,-0.05100334,-0.034296636,-0.031853613,-0.019188233,-0.23009034,0.07683724,0.12690675,-0.07792379,0.017700335,0.061799802,-0.03329576,0.011598587,0.03838558,0.021251388,-0.002819497,-0.017523369,-0.012095092,-0.027896937,-0.02936954,-0.018433632,604.92737,-35.78421,-11.128686,13.181284,-15.885302,-7.5037775,-13.996786,-18.485823,-21.797878,-3.3138952,-15.4437065,9.491499,-9.178102,-0.12584223,-10.239287,-2.887893,-8.008338,-4.4118795,-7.531174,0.090089016,0.11728891,0.054694526,0.03799605,0.012304984,0.007410284,-0.023093121,-0.0140067935,0.016503824,0.019802986,-0.022038199,0.017902104,0.015304905,-0.05100334,-0.034296636,-0.031853613,-0.019188233,-0.015179954,0.008971675,-0.0077086403,-0.018720306,-0.23009034,0.07683724,0.12690675,-0.07792379,0.017700335,0.061799802,-0.03329576,0.011598587,0.03838558,0.021251388,-0.002819497,-0.017523369,-0.012095092,-0.027896937,-0.02936954,-0.018433632,-0.015754903,-0.0016689006,-0.0020923298,-0.015104718,1887.6844,3984.2227,148.64566,1469.6166,1799.2815,3970.262,164.83524,1462.4615,1961.3447,3965.9297,220.01248,1515.4823,-0.014579533,0.35167482,-0.443363,0.08902506,-0.4852986,0.09064876,-0.12542044,0.25444368,-0.05558268,0.18528844,-0.020479752,0.15510131,0.016899116,-0.014878005,0.38762817,-0.44517756,0.14317471,-0.5048736,0.15306272,-0.1599967,0.3096292,-0.13456371,0.2190499,-0.15268183,0.21647218,-0.06149377,0.17363492,-0.010168152,0.16507646,-0.0056329193,0.41069368,-0.43444824,0.17756428,-0.50522166,0.18356743,-0.17774029,0.3484314,-0.15249342,0.2680241,-0.1818197,0.24044298,-0.121913254,0.19327533,-0.087433234,0.23049758,-0.0013450757,0.13712952,-0.0310397,0.11060685,3
601.01227,19.823397,-8.860438,29.601435,-10.948539,-0.4262114,-12.971274,-21.455263,-10.890156,2.3063283,-8.159254,6.0547166,-7.2206144,0.49482098,-0.076833606,-0.00093695836,0.018438464,-0.059763893,0.015777947,-0.03809848,0.040358633,0.07444571,0.021297134,-0.041048694,-0.031158758,-0.015776731,-0.059191298,-0.041419845,0.00891899,0.022242922,0.014964795,-0.004123562,0.0270904,0.025474139,0.01596576,0.009532877,0.013671917,-0.010735286,-0.01088654,601.01227,19.823397,-8.860438,29.601435,-10.948539,-0.4262114,-12.971274,-21.455263,-10.890156,2.3063283,-8.159254,6.0547166,-7.2206144,7.1713963,-11.353656,1.1524636,0.49482098,-0.076833606,-0.00093695836,0.018438464,-0.059763893,0.015777947,-0.03809848,0.040358633,0.07444571,0.021297134,-0.041048694,-0.031158758,-0.015776731,0.002623957,0.021631109,-0.093574286,-0.059191298,-0.041419845,0.00891899,0.022242922,0.014964795,-0.004123562,0.0270904,0.025474139,0.01596576,0.009532877,0.013671917,-0.010735286,-0.01088654,-0.034167673,-0.021040643,-0.025537578,601.01227,19.823397,-8.860438,29.601435,-10.948539,-0.4262114,-12.971274,-21.455263,-10.890156,2.3063283,-8.159254,6.0547166,-7.2206144,7.1713963,-11.353656,1.1524636,-1.1541823,1.851651,-5.3541527,-0.59068555,0.49482098,-0.076833606,-0.00093695836,0.018438464,-0.059763893,0.015777947,-0.03809848,0.040358633,0.07444571,0.021297134,-0.041048694,-0.031158758,-0.015776731,0.002623957,0.021631109,-0.093574286,-0.010673862,-0.042445403,0.0007007418,-0.038466725,-0.059191298,-0.041419845,0.00891899,0.022242922,0.014964795,-0.004123562,0.0270904,0.025474139,0.01596576,0.009532877,0.013671917,-0.010735286,-0.01088654,-0.034167673,-0.021040643,-0.025537578,-0.01644646,-0.01580778,-0.050031003,0.011785086,1352.442,3965.3142,162.91667,1357.1989,1230.0468,3960.6812,163.75208,1267.331,893.22906,3658.813,180.06404,956.79236,-0.27971104,0.16500747,-0.38297158,0.034971226,-0.32817006,0.19167426,0.03554441,0.33781785,-0.163209,0.12786058,-0.0963076,0.05110937,0.05285739,-0.25016555,0.19860347,-0.3916345,0.05528169,-0.37289032,0.25314862,0.031704135,0.43317005,-0.19262154,0.14968453,-0.21371831,0.061611246,-0.047431722,0.18009548,0.02015692,0.16206746,-0.24078123,0.22404045,-0.3837091,0.0819065,-0.3818656,0.25796843,0.0066185948,0.4524253,-0.20792751,0.22135377,-0.21788947,0.09175218,-0.10059412,0.1891518,-0.03727345,0.19063666,-0.0031511718,0.14712739,-0.041680787,0.039540708,1
640.3555,-2.427245,-1.4240526,16.393774,0.7312327,19.426502,4.4616847,-8.465777,-9.822347,-1.2823946,-0.44150987,-4.000977,1.674834,0.13136849,-0.014994218,0.0074248314,0.0019223506,0.016106643,0.026560962,-0.017932612,-0.030815294,-0.0432762,-0.01673256,0.021627618,0.03068233,-0.005573103,-0.0450688,-0.03082432,0.008152918,0.0038295768,-0.012817029,-0.021312594,-0.004994719,-0.0034623733,-0.012613708,0.017035574,0.0144131305,-0.0076233414,0.0073723714,640.3555,-2.427245,-1.4240526,16.393774,0.7312327,19.426502,4.4616847,-8.465777,-9.822347,-1.2823946,-0.44150987,-4.000977,1.674834,12.779065,-3.8146515,5.887508,0.13136849,-0.014994218,0.0074248314,0.0019223506,0.016106643,0.026560962,-0.017932612,-0.030815294,-0.0432762,-0.01673256,0.021627618,0.03068233,-0.005573103,0.016428698,-0.010688176,0.0015515134,-0.0450688,-0.03082432,0.008152918,0.0038295768,-0.012817029,-0.021312594,-0.004994719,-0.0034623733,-0.012613708,0.017035574,0.0144131305,-0.0076233414,0.0073723714,0.015466814,0.041244335,-0.040047046,640.3555,-2.427245,-1.4240526,16.393774,0.7312327,19.426502,4.4616847,-8.465777,-9.822347,-1.2823946,-0.44150987,-4.000977,1.674834,12.779065,-3.8146515,5.887508,3.7377465,-0.28019258,-2.1548724,1.9414296,0.13136849,-0.014994218,0.0074248314,0.0019223506,0.016106643,0.026560962,-0.017932612,-0.030815294,-0.0432762,-0.01673256,0.021627618,0.03068233,-0.005573103,0.016428698,-0.010688176,0.0015515134,0.017289085,0.01428556,-0.035279382,-0.082486995,-0.0450688,-0.03082432,0.008152918,0.0038295768,-0.012817029,-0.021312594,-0.004994719,-0.0034623733,-0.012613708,0.017035574,0.0144131305,-0.0076233414,0.0073723714,0.015466814,0.041244335,-0.040047046,-0.057690583,-0.002812358,0.013912959,-0.009561794,1709.7439,3990.8293,153.52745,1350.8158,1721.9237,3991.048,163.00375,1388.6241,1809.7961,3988.3557,172.41568,1421.8705,0.03166385,0.5141466,-0.012319428,0.11862704,-0.04592572,0.014264837,-0.2299334,0.06273213,-0.21425274,0.11877952,-0.17737542,-0.07691406,-0.12706842,0.036304522,0.5321453,-0.0014269417,0.13170178,-0.061611876,0.04605986,-0.23919605,0.096277095,-0.22574322,0.12041689,-0.19468571,-0.09215893,-0.19721189,-0.021627655,-0.13140616,0.052728586,0.028446628,0.5592758,-0.02426856,0.15248623,-0.09984476,0.044135377,-0.2949666,0.113309465,-0.28428087,0.16193163,-0.25611833,-0.06938727,-0.24278677,0.00020288257,-0.1695892,0.13149253,-0.04990107,0.18409723,0.01060755,0.117796615,5
498.30133,-31.958408,-27.001915,5.201375,-16.323532,-1.0762082,-3.9993856,-16.68446,-17.451563,1.796527,-7.7533255,0.49332744,-3.3444881,0.15505058,-0.084505044,-0.04251854,0.069396265,-0.025707131,-0.026888676,0.021637624,0.016262734,0.0013650394,-0.014999971,0.010104638,-0.009718986,-0.0065506813,0.043893278,-0.009554154,-0.010950981,0.013737503,-0.0012983053,-0.014934679,-0.006869462,0.021907978,0.005719588,-0.009625685,0.0015633209,-0.0050895624,-0.012447734,498.30133,-31.958408,-27.001915,5.201375,-16.323532,-1.0762082,-3.9993856,-16.68446,-17.451563,1.796527,-7.7533255,0.49332744,-3.3444881,5.0405483,-7.372087,-0.83998024,0.15505058,-0.084505044,-0.04251854,0.069396265,-0.025707131,-0.026888676,0.021637624,0.016262734,0.0013650394,-0.014999971,0.010104638,-0.009718986,-0.0065506813,0.0006931077,-0.018175883,0.013330014,0.043893278,-0.009554154,-0.010950981,0.013737503,-0.0012983053,-0.014934679,-0.006869462,0.021907978,0.005719588,-0.009625685,0.0015633209,-0.0050895624,-0.012447734,-0.000891174,0.0012275913,0.0034440807,498.30133,-31.958408,-27.001915,5.201375,-16.323532,-1.0762082,-3.9993856,-16.68446,-17.451563,1.796527,-7.7533255,0.49332744,-3.3444881,5.0405483,-7.372087,-0.83998024,-7.742401,-1.3861961,-6.02022,1.780359,0.15505058,-0.084505044,-0.04251854,0.069396265,-0.025707131,-0.026888676,0.021637624,0.016262734,0.0013650394,-0.014999971,0.010104638,-0.009718986,-0.0065506813,0.0006931077,-0.018175883,0.013330014,0.012584688,0.0006677998,-0.02119429,-0.012649727,0.043893278,-0.009554154,-0.010950981,0.013737503,-0.0012983053,-0.014934679,-0.006869462,0.021907978,0.005719588,-0.009625685,0.0015633209,-0.0050895624,-0.012447734,-0.000891174,0.0012275913,0.0034440807,0.0069614486,-0.010380643,-0.00013898988,-0.025346184,2071.1277,3985.4175,0.0,1255.0692,2076.7527,3988.8296,0.0,1232.742,2061.7163,3988.2107,191.77533,1262.5221,-0.34187433,0.3366033,-0.09158482,0.36578977,-0.24665648,0.27028885,-0.08670103,0.33240727,-0.13899978,0.1443723,-0.043057375,0.03595295,-0.09041513,-0.34071144,0.3349417,-0.09614133,0.3760432,-0.24770504,0.2929542,-0.07910665,0.36487398,-0.14268127,0.17039715,-0.040166695,0.074516825,-0.09921918,0.06836209,0.04195212,0.054285627,-0.32057244,0.3557667,-0.08073803,0.3933387,-0.24479899,0.3063077,-0.08326975,0.39323425,-0.13929223,0.23509845,-0.035466775,0.14544274,-0.11354407,0.1377317,0.032602765,0.12814505,-0.0043463726,0.16482303,0.015641708,0.108997494,0
674.8515,-73.52408,-7.2121563,14.668218,-0.2808292,-0.7086922,-22.644295,-10.444878,-12.5665455,1.9623924,-17.501362,4.252618,-6.5234785,0.3572823,-0.16952483,-0.12619983,0.11234209,0.027594484,-0.059154768,-0.054231174,0.024873666,-0.006974915,0.03587625,-0.012000079,-0.05871258,0.022145372,0.017565794,-0.069211274,-0.0031858117,-0.046006713,-0.023034625,0.023656141,0.031048456,0.0028845854,-0.010430837,0.03004158,0.023073206,-0.01292564,-0.023512546,674.8515,-73.52408,-7.2121563,14.668218,-0.2808292,-0.7086922,-22.644295,-10.444878,-12.5665455,1.9623924,-17.501362,4.252618,-6.5234785,-5.450622,-7.2884307,-2.7633088,0.3572823,-0.16952483,-0.12619983,0.11234209,0.027594484,-0.059154768,-0.054231174,0.024873666,-0.006974915,0.03587625,-0.012000079,-0.05871258,0.022145372,-0.0022479973,-0.05580419,-0.010670427,0.017565794,-0.069211274,-0.0031858117,-0.046006713,-0.023034625,0.023656141,0.031048456,0.0028845854,-0.010430837,0.03004158,0.023073206,-0.01292564,-0.023512546,-0.03149499,-0.050930895,-0.015517437,674.8515,-73.52408,-7.2121563,14.668218,-0.2808292,-0.7086922,-22.644295,-10.444878,-12.5665455,1.9623924,-17.501362,4.252618,-6.5234785,-5.450622,-7.2884307,-2.7633088,-6.930736,-1.3462424,-10.633054,-1.0183858,0.3572823,-0.16952483,-0.12619983,0.11234209,0.027594484,-0.059154768,-0.054231174,0.024873666,-0.006974915,0.03587625,-0.012000079,-0.05871258,0.022145372,-0.0022479973,-0.05580419,-0.010670427,0.058357287,-0.028408721,0.0037954082,0.00778966,0.017565794,-0.069211274,-0.0031858117,-0.046006713,-0.023034625,0.023656141,0.031048456,0.0028845854,-0.010430837,0.03004158,0.023073206,-0.01292564,-0.023512546,-0.03149499,-0.050930895,-0.015517437,-0.007382841,0.019225111,-0.023627603,-0.009239346,1968.6998,3952.9941,0.0,1437.8124,1838.1327,3944.203,0.0,1470.4874,1918.2705,3808.854,160.8086,1521.982,0.5791044,0.76262325,0.100488216,0.34631652,-0.12449905,0.018614413,-0.2722312,0.07534983,-0.208655,-0.17781644,-0.38390058,-0.15909304,-0.151658,0.5687018,0.7660898,0.052129515,0.3129703,-0.21940812,-0.010499181,-0.33588296,0.095593944,-0.2795779,-0.15194172,-0.41032237,-0.041511647,-0.10620001,0.21973869,0.11955647,0.22114635,0.6184833,0.8241853,0.14378993,0.3660015,-0.18575336,-0.05148182,-0.39632455,0.0042644003,-0.34219322,-0.23513164,-0.46182582,-0.10066431,-0.12396261,0.22154157,0.22708368,0.38731158,0.24068944,0.19111234,0.13473341,0.10312084,3
622.33264,-45.243824,-0.6498284,16.917944,1.114081,4.623366,-12.818847,-16.384933,-19.443237,8.601125,-8.890358,-0.5423908,-0.39628223,0.103702396,-0.03486019,0.038444296,-0.004330225,0.028588258,0.0044709444,-0.025676003,-0.011165371,-0.01447071,-0.019902777,-0.03509329,0.03878479,-0.0763243,-0.046746336,0.027928118,0.016009038,0.016579846,0.04592489,-0.03421097,-0.0023514014,0.02885043,0.020836782,-0.0045185834,0.00057022297,-0.017602379,-0.0073272763,622.33264,-45.243824,-0.6498284,16.917944,1.114081,4.623366,-12.818847,-16.384933,-19.443237,8.601125,-8.890358,-0.5423908,-0.39628223,2.2893124,-9.874668,1.4790677,0.103702396,-0.03486019,0.038444296,-0.004330225,0.028588258,0.0044709444,-0.025676003,-0.011165371,-0.01447071,-0.019902777,-0.03509329,0.03878479,-0.0763243,-0.0045966436,0.021540223,-0.004048376,-0.046746336,0.027928118,0.016009038,0.016579846,0.04592489,-0.03421097,-0.0023514014,0.02885043,0.020836782,-0.0045185834,0.00057022297,-0.017602379,-0.0073272763,0.00021288503,-0.008025165,0.024402002,622.33264,-45.243824,-0.6498284,16.917944,1.114081,4.623366,-12.818847,-16.384933,-19.443237,8.601125,-8.890358,-0.5423908,-0.39628223,2.2893124,-9.874668,1.4790677,-5.019767,-0.9425183,-4.9959154,0.87434417,0.103702396,-0.03486019,0.038444296,-0.004330225,0.028588258,0.0044709444,-0.025676003,-0.011165371,-0.01447071,-0.019902777,-0.03509329,0.03878479,-0.0763243,-0.0045966436,0.021540223,-0.004048376,0.027024496,-0.045683686,0.041204475,0.028883526,-0.046746336,0.027928118,0.016009038,0.016579846,0.04592489,-0.03421097,-0.0023514014,0.02885043,0.020836782,-0.0045185834,0.00057022297,-0.017602379,-0.0073272763,0.00021288503,-0.008025165,0.024402002,-0.043165915,-0.027522437,0.02256274,0.0070042443,1859.7174,3974.04,0.0,1351.3606,2003.8947,3975.825,0.0,1429.3912,2342.9832,3972.584,156.63783,1419.5084,0.6775403,0.56066453,0.006301965,0.18563889,-0.079747915,0.061453763,-0.20072837,0.11924599,-0.0403346,-0.026655646,-0.29733935,-0.19431832,-0.20675622,0.6612625,0.5623284,-0.04579084,0.15432122,-0.14655614,0.06554557,-0.22387575,0.1538377,-0.092173025,-0.00014432706,-0.31803155,-0.12253755,-0.18138847,0.16186514,0.12532486,0.21608678,0.7367739,0.67263055,0.071448036,0.20445491,-0.15836348,-0.0075086188,-0.30309686,0.09192162,-0.108906396,-0.015813358,-0.34090227,-0.1563025,-0.2098614,0.1586498,0.19996995,0.41979313,0.31621072,0.28383464,0.14601251,0.075690165,3
622.811,19.624554,-7.411167,22.456263,-4.747437,0.6877907,-7.4927783,-19.836454,-16.332254,1.9156742,-7.522232,9.527444,-4.965108,-0.48026067,0.15759844,-0.10779967,-0.038175352,-0.045906156,0.059367903,-0.034603458,-0.013322653,0.124230735,0.04738723,0.015567964,0.06608669,0.013694364,-0.037016094,0.03365791,0.059635084,0.014339999,-0.030348593,-0.038572405,-0.05020571,-0.011527308,0.012986554,0.037309144,0.049664054,0.045377135,0.013601593,622.811,19.624554,-7.411167,22.456263,-4.747437,0.6877907,-7.4927783,-19.836454,-16.332254,1.9156742,-7.522232,9.527444,-4.965108,1.8147532,-4.4610634,-0.91026044,-0.48026067,0.15759844,-0.10779967,-0.038175352,-0.045906156,0.059367903,-0.034603458,-0.013322653,0.124230735,0.04738723,0.015567964,0.06608669,0.013694364,0.063387826,0.14512852,0.0028742591,-0.037016094,0.03365791,0.059635084,0.014339999,-0.030348593,-0.038572405,-0.05020571,-0.011527308,0.012986554,0.037309144,0.049664054,0.045377135,0.013601593,-0.0053142495,0.036551192,0.012743305,622.811,19.624554,-7.411167,22.456263,-4.747437,0.6877907,-7.4927783,-19.836454,-16.332254,1.9156742,-7.522232,9.527444,-4.965108,1.8147532,-4.4610634,-0.91026044,-1.3901727,5.362548,-4.8982506,1.0604111,-0.48026067,0.15759844,-0.10779967,-0.038175352,-0.045906156,0.059367903,-0.034603458,-0.013322653,0.124230735,0.04738723,0.015567964,0.06608669,0.013694364,0.063387826,0.14512852,0.0028742591,-0.008779349,-0.00018785654,0.041978568,0.028997276,-0.037016094,0.03365791,0.059635084,0.014339999,-0.030348593,-0.038572405,-0.05020571,-0.011527308,0.012986554,0.037309144,0.049664054,0.045377135,0.013601593,-0.0053142495,0.036551192,0.012743305,0.044804957,0.021972826,0.00015912461,-0.033946328,1306.7126,3854.634,157.03593,1333.7827,1200.5997,3866.7256,153.23633,1315.6241,1236.2935,3868.343,153.98521,1313.0858,-0.23622507,0.28400683,-0.353969,0.006827406,-0.2876395,0.114623435,-0.08331934,0.1657676,-0.16809687,0.076346174,0.008380708,0.03532609,0.034222625,-0.21062966,0.30692846,-0.34381583,0.021506721,-0.31019306,0.13009062,-0.11164045,0.20112756,-0.20899867,0.07347204,-0.08468759,0.049571045,-0.030015942,0.16100943,0.03861062,0.15500817,-0.18280011,0.34375155,-0.31440467,0.05411181,-0.30753615,0.1365837,-0.122340545,0.19642021,-0.2281141,0.09663307,-0.10525156,0.05742482,-0.08246015,0.1421083,-0.011532832,0.18404786,0.028598119,0.17631239,6.286055e-05,0.07956057,1
594.6459,8.4864235,3.7252073,14.64077,10.586296,19.875156,-0.5504252,-9.366278,-15.475223,3.3723273,-3.9931173,-4.6369348,3.68364,0.05733665,0.028733144,-0.052307952,0.008335438,-0.04820404,-0.08102833,0.010841999,0.006497117,0.012284635,0.043587092,0.0027898608,-0.07270644,0.06354927,-0.05191241,-0.025137058,0.0032120694,-0.0015855444,0.061503313,-0.016889526,-0.014883913,-0.006724958,-0.031659972,0.009423279,-0.0034904324,0.022542961,-0.019330056,594.6459,8.4864235,3.7252073,14.64077,10.586296,19.875156,-0.5504252,-9.366278,-15.475223,3.3723273,-3.9931173,-4.6369348,3.68364,12.380666,-4.835515,2.9449131,0.05733665,0.028733144,-0.052307952,0.008335438,-0.04820404,-0.08102833,0.010841999,0.006497117,0.012284635,0.043587092,0.0027898608,-0.07270644,0.06354927,0.031879436,0.006539122,-0.00961932,-0.05191241,-0.025137058,0.0032120694,-0.0015855444,0.061503313,-0.016889526,-0.014883913,-0.006724958,-0.031659972,0.009423279,-0.0034904324,0.022542961,-0.019330056,-0.021331152,-0.022096658,0.033585496,594.6459,8.4864235,3.7252073,14.64077,10.586296,19.875156,-0.5504252,-9.366278,-15.475223,3.3723273,-3.9931173,-4.6369348,3.68364,12.380666,-4.835515,2.9449131,-0.9477037,-2.0425053,0.21383107,-1.9257843,0.05733665,0.028733144,-0.052307952,0.008335438,-0.04820404,-0.08102833,0.010841999,0.006497117,0.012284635,0.043587092,0.0027898608,-0.07270644,0.06354927,0.031879436,0.006539122,-0.00961932,0.03147452,0.012499016,-0.0059187687,-0.023387685,-0.05191241,-0.025137058,0.0032120694,-0.0015855444,0.061503313,-0.016889526,-0.014883913,-0.006724958,-0.031659972,0.009423279,-0.0034904324,0.022542961,-0.019330056,-0.021331152,-0.022096658,0.033585496,0.010045844,-0.02309969,-0.055559974,-0.038994964,1504.9985,3969.304,152.34322,1406.7012,1520.1306,3994.6116,152.76408,1479.5245,1504.7352,3995.3738,152.45454,1582.6183,0.3238971,0.523756,-0.3682649,-0.122685194,-0.1386113,0.09981856,0.011852888,0.08170379,-0.13152099,-0.039629128,-0.24684183,-0.15851662,-0.13228273,0.34824407,0.5089455,-0.38840175,-0.19178437,-0.17776611,0.07290312,-0.008627793,0.08897269,-0.10571467,-0.018681042,-0.24817978,-0.2727177,-0.20346639,0.046543576,0.15983157,0.2305571,0.3826074,0.5689323,-0.3515904,-0.19539505,-0.2291676,0.008896732,-0.054102562,0.06471746,-0.124198064,-0.006025482,-0.24999084,-0.27845442,-0.25569484,-0.0189238,0.14652625,0.3390942,0.12524033,0.17038926,0.00025415048,0.055334374,5
547.31915,-46.200207,-30.76177,5.8504286,-11.752485,-0.31948346,-0.78613764,-3.5935884,-12.430332,-7.7640395,-4.3516307,0.64409894,-6.139767,0.24213739,-0.103912234,-0.06914292,0.09697914,0.0027614085,-0.046458654,-0.0797772,0.054088242,-0.0067685447,-0.07579081,-0.03894108,0.07286667,0.06453172,-0.0344914,-0.033548675,0.007836883,0.03519759,0.0137550365,-0.010624216,-0.03360283,-0.0106567,-0.001059394,-0.020537699,-0.0029762152,0.017920012,-0.010243442,547.31915,-46.200207,-30.76177,5.8504286,-11.752485,-0.31948346,-0.78613764,-3.5935884,-12.430332,-7.7640395,-4.3516307,0.64409894,-6.139767,-0.26073694,-6.3988814,-0.8206861,0.24213739,-0.103912234,-0.06914292,0.09697914,0.0027614085,-0.046458654,-0.0797772,0.054088242,-0.0067685447,-0.07579081,-0.03894108,0.07286667,0.06453172,-0.014867352,-0.049592167,0.052032493,-0.0344914,-0.033548675,0.007836883,0.03519759,0.0137550365,-0.010624216,-0.03360283,-0.0106567,-0.001059394,-0.020537699,-0.0029762152,0.017920012,-0.010243442,-0.04673203,-0.01528397,0.01136547,547.31915,-46.200207,-30.76177,5.8504286,-11.752485,-0.31948346,-0.78613764,-3.5935884,-12.430332,-7.7640395,-4.3516307,0.64409894,-6.139767,-0.26073694,-6.3988814,-0.8206861,-9.192039,1.686365,-7.0952764,-1.2925518,0.24213739,-0.103912234,-0.06914292,0.09697914,0.0027614085,-0.046458654,-0.0797772,0.054088242,-0.0067685447,-0.07579081,-0.03894108,0.07286667,0.06453172,-0.014867352,-0.049592167,0.052032493,0.043373164,0.0068827565,-0.035829056,0.0129845,-0.0344914,-0.033548675,0.007836883,0.03519759,0.0137550365,-0.010624216,-0.03360283,-0.0106567,-0.001059394,-0.020537699,-0.0029762152,0.017920012,-0.010243442,-0.04673203,-0.01528397,0.01136547,0.0026514968,0.015375908,-0.020951895,-0.00012556193,2105.295,3984.3726,159.03783,1317.3125,1976.1984,3992.3389,158.22339,1300.2516,2192.0562,3995.5618,180.04568,1236.8004,-0.21869905,0.112717815,0.20027798,0.47406644,0.05109305,0.43300557,-0.08407472,0.3218469,0.11712459,0.17873925,0.006765046,0.14893416,0.020273408,-0.19773294,0.15186219,0.21143869,0.526337,0.09362577,0.52215916,-0.051776268,0.4297716,0.1464237,0.31746894,0.07992515,0.24371433,0.023450542,0.1536382,0.037614465,0.1290215,-0.1719689,0.1778616,0.23635343,0.5639854,0.13481392,0.5775212,0.005541369,0.5043622,0.22293165,0.41057205,0.14709494,0.3449425,0.10174085,0.27531007,0.12212393,0.19262218,0.04556502,0.12672551,0.064528875,0.06348237,0
652.22345,-39.706688,-17.375422,-10.114038,-8.828705,3.8223877,-5.761242,-15.305993,-21.288689,-2.115593,-17.374998,-5.589649,-1.3590937,1.0282046,-0.09382817,-0.16716827,-0.04115891,0.016535832,0.0020703427,-0.06853167,-0.048310075,-0.12307113,0.019810956,-0.06613761,-0.08060501,0.050781682,-0.03283491,-0.08089528,0.01606942,0.033150967,0.016125467,-0.016514907,-0.0035268827,-0.033003885,0.008775829,-0.046421397,-0.057725567,-0.021996953,-0.0028941806,652.22345,-39.706688,-17.375422,-10.114038,-8.828705,3.8223877,-5.761242,-15.305993,-21.288689,-2.115593,-17.374998,-5.589649,-1.3590937,3.8787935,-9.578073,0.53233904,1.0282046,-0.09382817,-0.16716827,-0.04115891,0.016535832,0.0020703427,-0.06853167,-0.048310075,-0.12307113,0.019810956,-0.06613761,-0.08060501,0.050781682,0.07163514,0.008535349,-0.051403668,-0.03283491,-0.08089528,0.01606942,0.033150967,0.016125467,-0.016514907,-0.0035268827,-0.033003885,0.008775829,-0.046421397,-0.057725567,-0.021996953,-0.0028941806,5.3877076e-05,-0.0012863115,-0.016361007,652.22345,-39.706688,-17.375422,-10.114038,-8.828705,3.8223877,-5.761242,-15.305993,-21.288689,-2.115593,-17.374998,-5.589649,-1.3590937,3.8787935,-9.578073,0.53233904,-5.313136,-3.459714,-10.994353,2.8681948,1.0282046,-0.09382817,-0.16716827,-0.04115891,0.016535832,0.0020703427,-0.06853167,-0.048310075,-0.12307113,0.019810956,-0.06613761,-0.08060501,0.050781682,0.07163514,0.008535349,-0.051403668,-0.09103162,-0.08676347,-0.0214642,-0.045759533,-0.03283491,-0.08089528,0.01606942,0.033150967,0.016125467,-0.016514907,-0.0035268827,-0.033003885,0.008775829,-0.046421397,-0.057725567,-0.021996953,-0.0028941806,5.3877076e-05,-0.0012863115,-0.016361007,-0.06878961,-0.032248598,0.04317827,0.0013677678,1735.2013,3987.1685,173.75647,1489.5762,1611.3467,3904.6392,195.81883,1478.0502,1870.2164,3757.4788,197.05249,1533.7208,0.22184952,0.36146033,-0.21053666,0.059039176,-0.37746194,0.07858348,-0.18685581,0.18854575,-0.039290767,0.034543917,-0.15036054,0.07102986,-0.093844935,0.221107,0.36760435,-0.22725186,0.0709057,-0.4028535,0.088657394,-0.1980972,0.21861495,-0.0795111,0.045420468,-0.21564262,0.08853835,-0.11727332,0.08893086,0.04538007,0.15799654,0.2486199,0.39536694,-0.20973389,0.07031371,-0.40809086,0.07723442,-0.22555202,0.22114022,-0.06976702,0.054027826,-0.23896387,0.06414126,-0.16839965,0.08518303,0.045771815,0.23909687,0.12545045,0.13311078,-0.023576135,0.024496704,3
609.2296,-35.165905,-8.317685,26.245897,2.6584702,-3.8298843,-25.573278,-21.282057,-1.0892371,-2.7974327,-8.087647,2.237355,-12.489464,0.544919,-0.11281573,-0.01953221,-0.104117095,-0.036563613,-0.07862429,0.058042973,-0.02403762,-0.03917384,-0.0773403,-0.011416,-0.019464726,-0.03875818,-0.19351906,0.08806295,-0.027003372,-0.007927828,-0.047509793,0.05316898,-0.013854698,-0.038242456,0.033723574,0.04088662,-0.043740157,0.0029580023,0.041966587,609.2296,-35.165905,-8.317685,26.245897,2.6584702,-3.8298843,-25.573278,-21.282057,-1.0892371,-2.7974327,-8.087647,2.237355,-12.489464,-1.8637558,-8.518972,-2.0970128,0.544919,-0.11281573,-0.01953221,-0.104117095,-0.036563613,-0.07862429,0.058042973,-0.02403762,-0.03917384,-0.0773403,-0.011416,-0.019464726,-0.03875818,-0.036220748,-0.01285249,0.050538003,-0.19351906,0.08806295,-0.027003372,-0.007927828,-0.047509793,0.05316898,-0.013854698,-0.038242456,0.033723574,0.04088662,-0.043740157,0.0029580023,0.041966587,-0.03317979,0.0055140825,-0.034601454,609.2296,-35.165905,-8.317685,26.245897,2.6584702,-3.8298843,-25.573278,-21.282057,-1.0892371,-2.7974327,-8.087647,2.237355,-12.489464,-1.8637558,-8.518972,-2.0970128,-5.137849,2.5150611,-9.100647,1.451464,0.544919,-0.11281573,-0.01953221,-0.104117095,-0.036563613,-0.07862429,0.058042973,-0.02403762,-0.03917384,-0.0773403,-0.011416,-0.019464726,-0.03875818,-0.036220748,-0.01285249,0.050538003,0.06842043,-0.0037306459,-0.03419605,0.04989613,-0.19351906,0.08806295,-0.027003372,-0.007927828,-0.047509793,0.05316898,-0.013854698,-0.038242456,0.033723574,0.04088662,-0.043740157,0.0029580023,0.041966587,-0.03317979,0.0055140825,-0.034601454,-0.052518677,-0.040022943,0.06261114,-0.0149516575,1981.6707,3989.3237,154.9075,1392.3853,1904.385,3981.7412,178.13126,1273.2874,1996.8267,3982.0862,192.44513,1330.7699,0.21715198,0.31267273,-0.07800078,0.037730493,-0.18936592,0.25601938,-0.08747301,0.09410667,-0.27430013,-0.09218824,-0.091988735,0.08911662,0.04172398,0.222624,0.35959882,-0.08585915,0.04241254,-0.2602775,0.26578438,-0.15272917,0.16866276,-0.330813,-0.041671798,-0.14385062,0.15648155,0.06868398,0.2498857,0.024196966,0.14657283,0.27590066,0.42411247,-0.018646637,0.118628964,-0.20516586,0.30588296,-0.15440442,0.13569094,-0.39288878,-0.071387194,-0.17744182,0.1775012,0.038404815,0.25731966,0.026832746,0.23310648,0.15356123,0.2479939,0.12755096,0.102206916,2
603.1257,-15.475633,-21.713661,20.274597,2.912598,-10.346009,-14.985414,-21.38478,-18.857418,-0.48048195,-18.905516,0.5362454,-6.3172245,0.31535068,-0.07858476,-0.044644218,-0.021950107,-0.0021486534,-0.014736352,-0.041231383,0.024819287,-0.07189705,-0.033653717,0.036689665,-0.035014696,-0.067018665,-0.067899846,0.04750758,-0.009824041,-0.041517816,-0.00023530891,-0.03037522,0.020246997,0.06377011,-0.0055414457,-0.025520116,-0.023835927,-0.020351004,-0.030254632,603.1257,-15.475633,-21.713661,20.274597,2.912598,-10.346009,-14.985414,-21.38478,-18.857418,-0.48048195,-18.905516,0.5362454,-6.3172245,2.3095253,-9.117228,0.13442223,0.31535068,-0.07858476,-0.044644218,-0.021950107,-0.0021486534,-0.014736352,-0.041231383,0.024819287,-0.07189705,-0.033653717,0.036689665,-0.035014696,-0.067018665,-0.039857432,-0.029855179,-0.005853929,-0.067899846,0.04750758,-0.009824041,-0.041517816,-0.00023530891,-0.03037522,0.020246997,0.06377011,-0.0055414457,-0.025520116,-0.023835927,-0.020351004,-0.030254632,0.0017629,-0.039417617,-0.031788684,603.1257,-15.475633,-21.713661,20.274597,2.912598,-10.346009,-14.985414,-21.38478,-18.857418,-0.48048195,-18.905516,0.5362454,-6.3172245,2.3095253,-9.117228,0.13442223,-7.809042,1.0996001,-5.1603103,3.978811,0.31535068,-0.07858476,-0.044644218,-0.021950107,-0.0021486534,-0.014736352,-0.041231383,0.024819287,-0.07189705,-0.033653717,0.036689665,-0.035014696,-0.067018665,-0.039857432,-0.029855179,-0.005853929,-0.033447254,0.029201364,-0.0334447,0.057640646,-0.067899846,0.04750758,-0.009824041,-0.041517816,-0.00023530891,-0.03037522,0.020246997,0.06377011,-0.0055414457,-0.025520116,-0.023835927,-0.020351004,-0.030254632,0.0017629,-0.039417617,-0.031788684,-0.01688793,-0.0354786,0.029891383,0.02154052,1435.1017,3933.7046,0.0,1362.6736,1253.2732,3842.748,173.14224,1222.0333,1124.7151,3842.9026,171.20398,1023.561,-0.105294265,-0.17433226,-0.05251577,0.29799482,-0.30078033,0.083177604,-0.040045507,0.18663943,-0.16947553,-0.08522909,-0.15064175,0.13295995,-0.004451895,-0.028897319,-0.09511261,-0.08293893,0.28035417,-0.3742065,0.063547775,-0.07954695,0.25420934,-0.21758634,-0.050374024,-0.2182524,0.15954657,-0.06903124,0.14492369,0.1324221,0.29495534,0.044195592,-0.014011945,-0.0077062678,0.3360384,-0.32675946,0.062294934,-0.10824582,0.21068975,-0.24323697,-0.057795804,-0.22202063,0.13600343,-0.09403377,0.13699308,0.109077066,0.308923,0.095000416,0.13601206,0.12012925,0.11175804,4
605.5541,14.439762,-9.993962,43.82851,-2.7946253,4.397071,-11.630246,-23.593897,-12.229428,-2.1524389,-7.7563276,2.1883698,-0.10553665,0.59820676,0.29749516,-0.06323051,0.013138382,-0.05169591,-0.0068516713,0.008014482,-0.17093252,-0.021868853,0.06578637,0.07688321,0.11785678,-0.022477454,-0.5495585,-0.10784131,0.052973002,-0.041788854,0.0038935393,-0.028168637,-0.01698121,0.042023376,-0.0017934442,-0.0073417015,0.070742264,0.07929861,0.031178992,605.5541,14.439762,-9.993962,43.82851,-2.7946253,4.397071,-11.630246,-23.593897,-12.229428,-2.1524389,-7.7563276,2.1883698,-0.10553665,9.967308,-15.829136,0.7537233,0.59820676,0.29749516,-0.06323051,0.013138382,-0.05169591,-0.0068516713,0.008014482,-0.17093252,-0.021868853,0.06578637,0.07688321,0.11785678,-0.022477454,-0.020209257,-0.08598727,-0.06619027,-0.5495585,-0.10784131,0.052973002,-0.041788854,0.0038935393,-0.028168637,-0.01698121,0.042023376,-0.0017934442,-0.0073417015,0.070742264,0.07929861,0.031178992,-0.06952019,0.0046001673,-0.022302065,605.5541,14.439762,-9.993962,43.82851,-2.7946253,4.397071,-11.630246,-23.593897,-12.229428,-2.1524389,-7.7563276,2.1883698,-0.10553665,9.967308,-15.829136,0.7537233,-1.69093,2.3225727,-5.294149,2.116448,0.59820676,0.29749516,-0.06323051,0.013138382,-0.05169591,-0.0068516713,0.008014482,-0.17093252,-0.021868853,0.06578637,0.07688321,0.11785678,-0.022477454,-0.020209257,-0.08598727,-0.06619027,-0.018035877,-0.06842109,-0.019161224,-0.018882262,-0.5495585,-0.10784131,0.052973002,-0.041788854,0.0038935393,-0.028168637,-0.01698121,0.042023376,-0.0017934442,-0.0073417015,0.070742264,0.07929861,0.031178992,-0.06952019,0.0046001673,-0.022302065,0.03321048,0.020660797,0.024311615,-0.03545753,1209.9733,3944.218,154.71744,1310.2094,1051.0157,3615.0332,160.33214,1196.2954,1005.68463,3481.6958,162.52895,1131.7374,-0.4039647,0.37433645,-0.4000318,0.20832397,-0.43518782,0.21132363,-0.27377126,0.21627365,-0.17083566,0.09758026,-0.09880138,0.10588878,0.050489843,-0.318363,0.43531755,-0.38542968,0.2372141,-0.49332437,0.23808555,-0.3577227,0.27322045,-0.30923936,0.13491374,-0.28086445,0.18040428,-0.09062305,0.2644224,0.041676126,0.29654405,-0.28088444,0.46846202,-0.3568333,0.25232017,-0.4891431,0.22750407,-0.37724796,0.2601304,-0.31678766,0.13442671,-0.301362,0.16349298,-0.12562872,0.26220235,0.039353654,0.32264826,0.054996435,0.11946908,-0.01771352,-0.006197138,1
663.58405,-26.953527,-6.084671,10.603083,-10.150663,3.182312,-7.8385596,-12.809996,-11.321017,-2.8807576,-10.85747,0.5668327,-9.413702,-0.34729502,0.28037325,0.056197833,-0.08241421,0.15511918,-0.114901565,0.07009408,0.026772555,-0.03791034,0.053191405,0.016891852,-0.020010486,0.012913374,0.25330678,-0.16735832,-0.06994875,0.06232695,-0.08448591,0.047090698,-0.027142521,-0.031959042,0.02486522,-0.028569683,-0.022289531,0.03612241,-0.014080777,663.58405,-26.953527,-6.084671,10.603083,-10.150663,3.182312,-7.8385596,-12.809996,-11.321017,-2.8807576,-10.85747,0.5668327,-9.413702,5.5990047,-8.516955,3.0059218,-0.34729502,0.28037325,0.056197833,-0.08241421,0.15511918,-0.114901565,0.07009408,0.026772555,-0.03791034,0.053191405,0.016891852,-0.020010486,0.012913374,0.015228781,0.06349117,-0.01382911,0.25330678,-0.16735832,-0.06994875,0.06232695,-0.08448591,0.047090698,-0.027142521,-0.031959042,0.02486522,-0.028569683,-0.022289531,0.03612241,-0.014080777,-0.025229987,-0.039884828,-0.001645653,663.58405,-26.953527,-6.084671,10.603083,-10.150663,3.182312,-7.8385596,-12.809996,-11.321017,-2.8807576,-10.85747,0.5668327,-9.413702,5.5990047,-8.516955,3.0059218,-8.690215,-1.6308755,-6.9367833,-2.638028,-0.34729502,0.28037325,0.056197833,-0.08241421,0.15511918,-0.114901565,0.07009408,0.026772555,-0.03791034,0.053191405,0.016891852,-0.020010486,0.012913374,0.015228781,0.06349117,-0.01382911,-0.0012414292,-0.016904134,0.01750063,0.0104374215,0.25330678,-0.16735832,-0.06994875,0.06232695,-0.08448591,0.047090698,-0.027142521,-0.031959042,0.02486522,-0.028569683,-0.022289531,0.03612241,-0.014080777,-0.025229987,-0.039884828,-0.001645653,-0.011606134,0.019055314,-0.020894883,-0.015488911,1603.781,3990.9346,0.0,1376.2643,1612.9817,3993.289,0.0,1314.6243,1739.7815,3996.3638,0.0,1416.4058,0.2503439,0.17607312,-0.2405858,0.11238222,-0.20209055,0.13229536,-0.065207794,0.09299123,-0.07888128,0.07771826,-0.10030711,-0.01576092,-0.08816675,0.22999348,0.18945113,-0.26037523,0.12810226,-0.23198532,0.15988368,-0.091324165,0.12450076,-0.11626902,0.119176894,-0.15915042,0.031226724,-0.10644528,0.11043734,-0.017509248,0.13642722,0.21299161,0.22042587,-0.27357242,0.17203447,-0.25884035,0.19672209,-0.13768092,0.15714046,-0.16716853,0.16349572,-0.2017773,0.08400366,-0.1601567,0.16956961,-0.09763038,0.1837045,-0.05705382,0.13295475,-0.00024123117,0.16437916,3
632.88416,31.646296,-2.3606699,21.127106,-16.582125,6.8670845,2.9707396,-25.240507,-16.394335,-1.3354775,-5.048071,5.073436,-2.735639,-0.3177591,0.014703819,0.06645382,-0.031437762,0.016905807,-0.0023736414,0.009605338,0.013638167,0.02424369,0.03308807,0.0014079128,0.051021554,0.036619056,-0.017278414,0.004718826,0.03622122,-0.041250374,0.0017702573,-0.0030790414,-0.0048766905,0.021080954,-0.0022570852,-0.023680871,-0.015753148,-0.017968332,-0.011406018,632.88416,31.646296,-2.3606699,21.127106,-16.582125,6.8670845,2.9707396,-25.240507,-16.394335,-1.3354775,-5.048071,5.073436,-2.735639,13.13502,-12.171015,1.3411392,-0.3177591,0.014703819,0.06645382,-0.031437762,0.016905807,-0.0023736414,0.009605338,0.013638167,0.02424369,0.03308807,0.0014079128,0.051021554,0.036619056,0.017330024,0.08163085,0.028575864,-0.017278414,0.004718826,0.03622122,-0.041250374,0.0017702573,-0.0030790414,-0.0048766905,0.021080954,-0.0022570852,-0.023680871,-0.015753148,-0.017968332,-0.011406018,-0.006555751,-0.0056132786,-0.024883581,632.88416,31.646296,-2.3606699,21.127106,-16.582125,6.8670845,2.9707396,-25.240507,-16.394335,-1.3354775,-5.048071,5.073436,-2.735639,13.13502,-12.171015,1.3411392,2.3839908,-2.0814953,-5.3262644,0.9965231,-0.3177591,0.014703819,0.06645382,-0.031437762,0.016905807,-0.0023736414,0.009605338,0.013638167,0.02424369,0.03308807,0.0014079128,0.051021554,0.036619056,0.017330024,0.08163085,0.028575864,-0.035570115,0.01570856,0.021589546,-0.0031816533,-0.017278414,0.004718826,0.03622122,-0.041250374,0.0017702573,-0.0030790414,-0.0048766905,0.021080954,-0.0022570852,-0.023680871,-0.015753148,-0.017968332,-0.011406018,-0.006555751,-0.0056132786,-0.024883581,0.010516437,0.013365775,-0.016219504,0.013692845,1303.16,3896.8,172.09955,1334.8474,1290.2983,3985.113,172.65254,1391.9214,1185.9543,3900.455,172.01349,1329.4167,-0.43391013,0.31354356,-0.537716,0.106656164,-0.35137594,0.3671533,-0.09412366,0.3253073,-0.23644856,0.22700146,-0.09452611,-0.051547464,-0.055287853,-0.36669633,0.29509285,-0.5642614,0.07280293,-0.36749026,0.394082,-0.08303213,0.43833008,-0.20820478,0.2539073,-0.2188923,-0.09474414,-0.18770424,0.10974092,0.0923572,0.25141472,-0.33647645,0.3219864,-0.5511096,0.05926486,-0.39431152,0.36976224,-0.07252955,0.4450538,-0.19241624,0.29342395,-0.2041121,-0.08989985,-0.2288507,0.07811597,0.06545127,0.26350462,0.05030723,0.10592759,-0.043816563,0.0134937,1
654.35364,20.629313,-15.714515,18.527704,-13.852202,14.273433,-2.2970266,-14.530394,-13.894382,-12.866468,0.886251,-0.65890354,-6.222669,-0.47967917,0.024684412,0.2289147,0.0013691846,-0.08967412,0.026628202,-0.010229762,-0.053547535,0.013511242,0.02385154,-0.0014586449,-0.041756306,-0.0072112586,-0.026729167,-0.01859396,0.021410927,-0.03195089,-0.059392225,-0.030487202,-0.009530701,0.015437939,0.07348122,0.034875285,0.025661457,0.028644351,0.026836677,654.35364,20.629313,-15.714515,18.527704,-13.852202,14.273433,-2.2970266,-14.530394,-13.894382,-12.866468,0.886251,-0.65890354,-6.222669,12.733682,-4.0654225,0.86779433,-0.47967917,0.024684412,0.2289147,0.0013691846,-0.08967412,0.026628202,-0.010229762,-0.053547535,0.013511242,0.02385154,-0.0014586449,-0.041756306,-0.0072112586,-0.016293844,0.023137515,0.04260124,-0.026729167,-0.01859396,0.021410927,-0.03195089,-0.059392225,-0.030487202,-0.009530701,0.015437939,0.07348122,0.034875285,0.025661457,0.028644351,0.026836677,0.0068171034,-0.010931046,0.007180155,654.35364,20.629313,-15.714515,18.527704,-13.852202,14.273433,-2.2970266,-14.530394,-13.894382,-12.866468,0.886251,-0.65890354,-6.222669,12.733682,-4.0654225,0.86779433,1.36856,-2.8977888,-5.3541784,2.0998125,-0.47967917,0.024684412,0.2289147,0.0013691846,-0.08967412,0.026628202,-0.010229762,-0.053547535,0.013511242,0.02385154,-0.0014586449,-0.041756306,-0.0072112586,-0.016293844,0.023137515,0.04260124,0.0133746145,0.013131486,0.06839317,0.05140225,-0.026729167,-0.01859396,0.021410927,-0.03195089,-0.059392225,-0.030487202,-0.009530701,0.015437939,0.07348122,0.034875285,0.025661457,0.028644351,0.026836677,0.0068171034,-0.010931046,0.007180155,0.027076593,0.003192474,0.0039261873,-0.008166027,1487.3152,3991.3938,167.37718,1416.3683,1542.1221,3985.6394,181.30573,1450.8953,1648.6034,3983.5337,188.6921,1550.6736,-0.3075134,0.3170324,-0.49142256,-0.0069464706,-0.074778005,0.20028716,-0.060358763,0.21188197,-0.19702846,0.19986351,-0.08196143,0.014783066,-0.1825383,-0.30657503,0.33250198,-0.5495686,0.016268687,-0.12502792,0.2633693,-0.100840434,0.29315466,-0.20517023,0.24619804,-0.16901964,0.026803652,-0.3279978,0.18916258,-0.014863655,0.25092557,-0.25923982,0.3468047,-0.5147807,-0.013867186,-0.14574347,0.24854447,-0.09055474,0.28165692,-0.18278396,0.26524237,-0.1466549,0.040453207,-0.34145495,0.117802665,-0.008601825,0.23397237,0.10094374,0.09313831,-0.02816952,0.05238805,6
563.9815,-28.79722,-37.84637,2.3710365,-21.82176,-5.685205,-4.3739724,-16.03687,-16.508553,-2.8215508,-8.233203,-1.4242887,-9.969574,-0.0054686135,-0.005283633,-0.0076429057,-0.0054388633,-0.0073437956,-0.005786693,-0.0068141604,-0.006306744,-0.006137094,-0.0068542813,-0.0054958095,-0.00725232,-0.0050141397,-0.00053457054,0.002449658,0.0020848576,0.0024680237,0.0006505234,8.833909e-05,0.0038247388,0.0008283329,0.0026574135,-0.00082281523,0.00257908,0.002751695,0.00061289204,563.9815,-28.79722,-37.84637,2.3710365,-21.82176,-5.685205,-4.3739724,-16.03687,-16.508553,-2.8215508,-8.233203,-1.4242887,-9.969574,2.3575158,-7.050015,-2.0219812,-0.0054686135,-0.005283633,-0.0076429057,-0.0054388633,-0.0073437956,-0.005786693,-0.0068141604,-0.006306744,-0.006137094,-0.0068542813,-0.0054958095,-0.00725232,-0.0050141397,-0.007463186,-0.00464904,-0.0075665745,-0.00053457054,0.002449658,0.0020848576,0.0024680237,0.0006505234,8.833909e-05,0.0038247388,0.0008283329,0.0026574135,-0.00082281523,0.00257908,0.002751695,0.00061289204,0.001758164,7.3750816e-05,0.003392492,563.9815,-28.79722,-37.84637,2.3710365,-21.82176,-5.685205,-4.3739724,-16.03687,-16.508553,-2.8215508,-8.233203,-1.4242887,-9.969574,2.3575158,-7.050015,-2.0219812,-9.89635,0.40186882,-8.035733,0.8826882,-0.0054686135,-0.005283633,-0.0076429057,-0.0054388633,-0.0073437956,-0.005786693,-0.0068141604,-0.006306744,-0.006137094,-0.0068542813,-0.0054958095,-0.00725232,-0.0050141397,-0.007463186,-0.00464904,-0.0075665745,-0.0043610223,-0.0074914526,-0.0043648263,-0.006919884,-0.00053457054,0.002449658,0.0020848576,0.0024680237,0.0006505234,8.833909e-05,0.0038247388,0.0008283329,0.0026574135,-0.00082281523,0.00257908,0.002751695,0.00061289204,0.001758164,7.3750816e-05,0.003392492,0.0011855601,0.0010577397,0.0006477158,0.0026968787,2013.9764,3973.752,187.10481,1210.8448,1912.6685,3914.746,174.95122,1174.6864,1819.5723,3811.7456,316.45334,1107.0054,-0.54872876,0.40436968,-0.07773535,0.33980444,-0.27225947,0.44418833,-0.18892166,0.41911134,-0.1198684,0.1767883,-0.06311987,0.13105568,-0.11704175,-0.5297027,0.41502646,-0.09161048,0.38812685,-0.2699491,0.5199283,-0.1797533,0.5387852,-0.13063896,0.2783207,-0.0798413,0.24164782,-0.15917848,0.14944561,0.015149236,0.17627004,-0.51578045,0.4278742,-0.07834241,0.3978244,-0.26116195,0.5379988,-0.1748633,0.5622171,-0.10780411,0.3166393,-0.063783914,0.28884733,-0.15989056,0.19752523,0.019505708,0.19329992,0.024150848,0.08206134,-0.028024955,0.061322264,0
644.59015,34.686867,-16.098902,17.852863,-18.15908,2.9631522,-8.978326,-25.129728,-8.400681,-4.4775867,-2.983881,6.831365,-7.343493,-0.2483366,0.072482504,0.07264404,-0.019171191,-0.042882305,0.013811838,-0.024079002,-0.048881955,0.04573084,0.04038513,-0.027309582,-0.030949805,0.035311647,-0.03979518,-0.055040248,-0.052071273,-0.035689045,0.011359181,0.04125646,0.0055826074,0.014323747,0.024199836,0.0053416267,-0.014232398,-0.03319207,-0.03440708,644.59015,34.686867,-16.098902,17.852863,-18.15908,2.9631522,-8.978326,-25.129728,-8.400681,-4.4775867,-2.983881,6.831365,-7.343493,4.547735,-13.35481,-0.94982874,-0.2483366,0.072482504,0.07264404,-0.019171191,-0.042882305,0.013811838,-0.024079002,-0.048881955,0.04573084,0.04038513,-0.027309582,-0.030949805,0.035311647,0.05324578,0.06121558,-0.03055144,-0.03979518,-0.055040248,-0.052071273,-0.035689045,0.011359181,0.04125646,0.0055826074,0.014323747,0.024199836,0.0053416267,-0.014232398,-0.03319207,-0.03440708,-0.022844164,-0.019929936,-0.017618556,644.59015,34.686867,-16.098902,17.852863,-18.15908,2.9631522,-8.978326,-25.129728,-8.400681,-4.4775867,-2.983881,6.831365,-7.343493,4.547735,-13.35481,-0.94982874,-6.1097646,0.9159919,-4.9872546,-0.65915954,-0.2483366,0.072482504,0.07264404,-0.019171191,-0.042882305,0.013811838,-0.024079002,-0.048881955,0.04573084,0.04038513,-0.027309582,-0.030949805,0.035311647,0.05324578,0.06121558,-0.03055144,0.0012284124,0.018695999,0.024750466,-0.0027086465,-0.03979518,-0.055040248,-0.052071273,-0.035689045,0.011359181,0.04125646,0.0055826074,0.014323747,0.024199836,0.0053416267,-0.014232398,-0.03319207,-0.03440708,-0.022844164,-0.019929936,-0.017618556,-0.0010758196,0.008714083,0.0142505355,-0.0018883131,1339.0946,3984.8118,167.17131,1277.3314,1220.5101,3989.8923,179.6172,1243.5807,1006.7461,3823.5247,244.58101,1121.2776,-0.5737809,0.1625255,-0.27030087,-0.017978255,-0.1446296,0.43719712,-0.25638428,0.28617465,-0.31269628,0.13298032,-0.018319726,0.13599338,-0.018428663,-0.570593,0.19262363,-0.28005385,0.0165668,-0.18930478,0.48269138,-0.32121247,0.37788126,-0.3552496,0.18294874,-0.07592029,0.15107143,-0.1223093,0.14008588,-0.047006056,0.120794386,-0.5588548,0.20203531,-0.27458733,0.026641123,-0.19243778,0.4931503,-0.31917787,0.38670197,-0.3670596,0.19756564,-0.09046235,0.19117533,-0.13302495,0.15053467,-0.07270001,0.10851345,-0.02208358,0.06834159,0.011694465,0.05345435,1
598.7714,15.445266,1.0908271,10.241246,1.7030525,27.511635,8.460291,-9.43669,-8.290466,3.158538,-2.4671843,-0.45427647,2.582106,0.03292274,0.008338033,-0.008117977,0.028639115,0.033075623,0.025776714,0.009598913,-0.01450552,-0.0012617904,0.009786888,0.005567998,-0.024738876,-0.03622211,-0.014532432,0.037762895,-0.017475437,-0.039011016,0.021823158,0.022357028,0.016416607,-0.0003255188,-0.0022071835,0.017558306,0.03220878,0.0036599126,-0.002561565,598.7714,15.445266,1.0908271,10.241246,1.7030525,27.511635,8.460291,-9.43669,-8.290466,3.158538,-2.4671843,-0.45427647,2.582106,13.405057,-6.5290046,6.681206,0.03292274,0.008338033,-0.008117977,0.028639115,0.033075623,0.025776714,0.009598913,-0.01450552,-0.0012617904,0.009786888,0.005567998,-0.024738876,-0.03622211,-0.0024963757,-0.008880656,0.011538765,-0.014532432,0.037762895,-0.017475437,-0.039011016,0.021823158,0.022357028,0.016416607,-0.0003255188,-0.0022071835,0.017558306,0.03220878,0.0036599126,-0.002561565,-0.024303554,0.01390127,-0.00780797,598.7714,15.445266,1.0908271,10.241246,1.7030525,27.511635,8.460291,-9.43669,-8.290466,3.158538,-2.4671843,-0.45427647,2.582106,13.405057,-6.5290046,6.681206,-0.8751447,0.451664,-1.2365214,0.8397914,0.03292274,0.008338033,-0.008117977,0.028639115,0.033075623,0.025776714,0.009598913,-0.01450552,-0.0012617904,0.009786888,0.005567998,-0.024738876,-0.03622211,-0.0024963757,-0.008880656,0.011538765,-0.022484794,-0.024305182,0.020367747,0.0075771967,-0.014532432,0.037762895,-0.017475437,-0.039011016,0.021823158,0.022357028,0.016416607,-0.0003255188,-0.0022071835,0.017558306,0.03220878,0.0036599126,-0.002561565,-0.024303554,0.01390127,-0.00780797,-0.02429897,-0.026547363,-0.01049574,0.0022235122,1431.5311,3989.0781,0.0,1262.1633,1406.384,3989.247,0.0,1248.8262,1593.2942,3987.9653,166.55179,1349.1549,-0.05660461,0.3064627,-0.41956425,-0.09347447,-0.16838208,0.27857563,-0.0007985588,0.25984055,-0.12673332,0.056150366,-0.24861062,-0.16165239,-0.109139346,-0.053804897,0.30541795,-0.4357245,-0.12632218,-0.20953141,0.2837735,-0.021112058,0.30123067,-0.12211992,0.10572997,-0.272292,-0.18646362,-0.18108602,0.03898236,-0.0034655235,0.17961535,-0.049997866,0.300424,-0.45715928,-0.12934633,-0.21253337,0.30716407,0.0091048125,0.33124435,-0.12996458,0.11465539,-0.30672798,-0.1914156,-0.21409217,0.06383086,0.023871206,0.22756436,-0.027617984,-0.012079244,-0.12594709,0.0025453938,5
574.60236,-17.719048,-40.417824,-0.92673516,-14.019897,-3.302891,-4.6156225,-17.353662,-17.063566,0.5837397,-9.780679,-3.9558706,-5.1955748,0.044644546,0.014609125,-0.0008895193,0.051885556,0.00028123855,-0.060441125,-0.03736006,0.024334205,0.0166682,0.048331358,-0.026352,0.012655912,3.3753258e-06,-0.0343724,0.049600482,0.008964559,-0.006546648,0.0066961925,0.0031615635,0.02073901,0.018619284,-0.0036582127,-0.0023650678,-0.00019250913,-0.00030858786,0.008289745,574.60236,-17.719048,-40.417824,-0.92673516,-14.019897,-3.302891,-4.6156225,-17.353662,-17.063566,0.5837397,-9.780679,-3.9558706,-5.1955748,2.8760414,-12.790523,-4.3059883,0.044644546,0.014609125,-0.0008895193,0.051885556,0.00028123855,-0.060441125,-0.03736006,0.024334205,0.0166682,0.048331358,-0.026352,0.012655912,3.3753258e-06,-0.012167229,0.012405708,-0.037469264,-0.0343724,0.049600482,0.008964559,-0.006546648,0.0066961925,0.0031615635,0.02073901,0.018619284,-0.0036582127,-0.0023650678,-0.00019250913,-0.00030858786,0.008289745,-0.0060422397,-0.010445935,-0.0077315895,574.60236,-17.719048,-40.417824,-0.92673516,-14.019897,-3.302891,-4.6156225,-17.353662,-17.063566,0.5837397,-9.780679,-3.9558706,-5.1955748,2.8760414,-12.790523,-4.3059883,-7.0260816,-2.8825486,-7.534804,-0.5454095,0.044644546,0.014609125,-0.0008895193,0.051885556,0.00028123855,-0.060441125,-0.03736006,0.024334205,0.0166682,0.048331358,-0.026352,0.012655912,3.3753258e-06,-0.012167229,0.012405708,-0.037469264,0.0072872094,0.017366866,-0.012243733,0.014825342,-0.0343724,0.049600482,0.008964559,-0.006546648,0.0066961925,0.0031615635,0.02073901,0.018619284,-0.0036582127,-0.0023650678,-0.00019250913,-0.00030858786,0.008289745,-0.0060422397,-0.010445935,-0.0077315895,0.018091882,0.016319346,-0.0012217724,0.017085902,1749.3582,3989.1375,0.0,1190.4031,1760.6915,3967.223,156.62396,1150.1045,1591.3351,3918.2056,152.37206,1061.4935,-0.6865651,0.47094086,-0.077230245,0.5445885,-0.051809985,0.1742809,-0.103441715,0.50563973,-0.02004727,0.14770468,0.00015038252,-0.0069301575,0.10276727,-0.66642594,0.47740313,-0.073531605,0.56702685,-0.04643391,0.25378227,-0.10033552,0.5581376,-0.025042519,0.23282573,0.006095142,0.08843526,0.023571424,0.13880458,-0.0088671,0.063935675,-0.6678373,0.47945124,-0.07620984,0.5703559,-0.047451895,0.25632685,-0.10393437,0.5646351,-0.034712758,0.24899586,-0.0003331811,0.09695234,0.013139776,0.1547587,-0.018214725,0.088025,-0.03261558,0.025796613,-0.0011963237,0.0026824307,0
661.0787,-25.355856,-3.045774,20.853464,2.5994766,14.218294,-6.0042653,-17.140774,-14.811668,-0.20952708,-7.7987266,1.3576577,-0.3388517,0.57697743,0.03813051,-0.109944314,-0.0032668172,0.047305614,0.028449522,-0.08741003,0.013036983,0.12920806,0.12228817,-0.072679155,0.03302225,0.03796278,-0.28444257,0.043350033,0.06367676,-0.04014738,0.037612535,0.003206129,-0.031101847,-0.005278122,0.058779616,0.008663658,-0.07188972,-0.060094338,-0.09793743,661.0787,-25.355856,-3.045774,20.853464,2.5994766,14.218294,-6.0042653,-17.140774,-14.811668,-0.20952708,-7.7987266,1.3576577,-0.3388517,8.622555,-12.049223,5.6230016,0.57697743,0.03813051,-0.109944314,-0.0032668172,0.047305614,0.028449522,-0.08741003,0.013036983,0.12920806,0.12228817,-0.072679155,0.03302225,0.03796278,-0.027134344,0.086833954,0.033174105,-0.28444257,0.043350033,0.06367676,-0.04014738,0.037612535,0.003206129,-0.031101847,-0.005278122,0.058779616,0.008663658,-0.07188972,-0.060094338,-0.09793743,-0.10014185,0.02270905,-0.023947693,661.0787,-25.355856,-3.045774,20.853464,2.5994766,14.218294,-6.0042653,-17.140774,-14.811668,-0.20952708,-7.7987266,1.3576577,-0.3388517,8.622555,-12.049223,5.6230016,-5.618638,-1.1481255,-1.2662278,0.10384996,0.57697743,0.03813051,-0.109944314,-0.0032668172,0.047305614,0.028449522,-0.08741003,0.013036983,0.12920806,0.12228817,-0.072679155,0.03302225,0.03796278,-0.027134344,0.086833954,0.033174105,0.08973115,0.042742904,-0.05724624,0.038190193,-0.28444257,0.043350033,0.06367676,-0.04014738,0.037612535,0.003206129,-0.031101847,-0.005278122,0.058779616,0.008663658,-0.07188972,-0.060094338,-0.09793743,-0.10014185,0.02270905,-0.023947693,-0.0060228873,-0.0011950393,-0.045281652,-0.06296088,1930.5958,3980.0962,204.6131,1333.3035,1951.18,3976.746,209.89668,1299.0459,2023.2224,3976.4846,211.98285,1241.6162,0.12615746,0.36921707,-0.07974291,0.27527374,-0.16441253,0.23197192,-0.10027619,0.13350478,-0.128547,-0.0015575178,-0.29597807,-0.12979911,-0.15999416,0.13642725,0.35688016,-0.11610381,0.23099448,-0.20515014,0.22274183,-0.10600534,0.14905001,-0.12461625,0.022161286,-0.29657668,-0.092778444,-0.1370168,0.08864007,0.10695485,0.13719457,0.12995169,0.36491212,-0.119545475,0.23968568,-0.21238981,0.23291764,-0.1252032,0.16236353,-0.14748307,0.03885594,-0.31723115,-0.066057876,-0.16537112,0.121289946,0.07688903,0.16906664,-0.025941212,0.06177845,-0.039336085,0.041912455,3
616.16516,34.894604,-13.726771,36.114742,-6.3115215,0.84767145,-19.029596,-18.485466,-9.523076,-5.5293903,1.6884481,6.3118973,-7.9510884,-0.20179681,0.049448345,0.036118563,-0.016674219,-0.036414385,0.0048323898,-0.02617158,-0.003473033,0.038640387,-0.017093921,0.0157437,0.044499967,0.0386896,-0.041809913,0.020590462,0.00718506,0.023928463,0.0033174718,-0.015421493,0.008268918,0.0058002006,0.014418545,-0.010851011,-0.047541127,-0.0016393558,-0.037220538,616.16516,34.894604,-13.726771,36.114742,-6.3115215,0.84767145,-19.029596,-18.485466,-9.523076,-5.5293903,1.6884481,6.3118973,-7.9510884,6.0835648,-10.963376,1.2256603,-0.20179681,0.049448345,0.036118563,-0.016674219,-0.036414385,0.0048323898,-0.02617158,-0.003473033,0.038640387,-0.017093921,0.0157437,0.044499967,0.0386896,0.018592674,0.023509113,-0.030581435,-0.041809913,0.020590462,0.00718506,0.023928463,0.0033174718,-0.015421493,0.008268918,0.0058002006,0.014418545,-0.010851011,-0.047541127,-0.0016393558,-0.037220538,-0.0345925,0.042870924,0.055609763,616.16516,34.894604,-13.726771,36.114742,-6.3115215,0.84767145,-19.029596,-18.485466,-9.523076,-5.5293903,1.6884481,6.3118973,-7.9510884,6.0835648,-10.963376,1.2256603,-3.2095153,1.0602076,-3.1730328,-1.9461185,-0.20179681,0.049448345,0.036118563,-0.016674219,-0.036414385,0.0048323898,-0.02617158,-0.003473033,0.038640387,-0.017093921,0.0157437,0.044499967,0.0386896,0.018592674,0.023509113,-0.030581435,0.023367915,-0.027367534,0.014264884,-0.028162181,-0.041809913,0.020590462,0.00718506,0.023928463,0.0033174718,-0.015421493,0.008268918,0.0058002006,0.014418545,-0.010851011,-0.047541127,-0.0016393558,-0.037220538,-0.0345925,0.042870924,0.055609763,0.009558423,-0.012414111,0.0031847109,-0.016242417,1159.1396,3950.0696,156.48323,1291.089,1086.581,3843.5815,159.23744,1234.0375,935.8461,3843.8948,160.19939,1160.5492,-0.51244056,0.27714384,-0.43330735,0.20717587,-0.3850209,0.32527503,-0.283805,0.24599771,-0.29492465,0.20786096,0.009204518,0.13569,0.029401029,-0.48488918,0.33228517,-0.4305945,0.27504218,-0.4470149,0.3937892,-0.38442978,0.3447553,-0.4097072,0.28415084,-0.14002922,0.21127072,-0.13181192,0.23905927,-0.020974819,0.1559781,-0.5032688,0.36335215,-0.45998588,0.32601857,-0.48794836,0.45005563,-0.4367128,0.4213743,-0.49648595,0.37855467,-0.24357289,0.3136171,-0.23323363,0.33104214,-0.123396814,0.24847364,-0.1408251,0.14485279,-0.060263347,0.058391243,1
557.9489,-26.905556,-39.214546,14.315726,-13.860266,-9.879051,-9.017982,-15.680358,-20.352293,-2.9673414,-6.912689,-1.768327,-4.643523,0.1503678,-0.06089269,-0.093250245,0.040045112,0.024399992,-0.013429349,-0.042342424,-0.0033686797,0.016191997,0.0051450897,-0.00041716234,0.010580912,0.006283539,0.014877548,-0.0031148458,-0.005116949,-0.011652186,0.001178509,0.0017783856,-0.009883008,-0.01495275,-0.0019625663,0.005526625,0.008098424,0.005846381,-0.010872781,557.9489,-26.905556,-39.214546,14.315726,-13.860266,-9.879051,-9.017982,-15.680358,-20.352293,-2.9673414,-6.912689,-1.768327,-4.643523,2.0769167,-10.639165,0.97832394,0.1503678,-0.06089269,-0.093250245,0.040045112,0.024399992,-0.013429349,-0.042342424,-0.0033686797,0.016191997,0.0051450897,-0.00041716234,0.010580912,0.006283539,-0.0006928527,-0.02549837,0.005312047,0.014877548,-0.0031148458,-0.005116949,-0.011652186,0.001178509,0.0017783856,-0.009883008,-0.01495275,-0.0019625663,0.005526625,0.008098424,0.005846381,-0.010872781,-0.00087355374,-0.0024666714,0.0060359766,557.9489,-26.905556,-39.214546,14.315726,-13.860266,-9.879051,-9.017982,-15.680358,-20.352293,-2.9673414,-6.912689,-1.768327,-4.643523,2.0769167,-10.639165,0.97832394,-8.640651,-0.66674453,-5.646849,-1.0846795,0.1503678,-0.06089269,-0.093250245,0.040045112,0.024399992,-0.013429349,-0.042342424,-0.0033686797,0.016191997,0.0051450897,-0.00041716234,0.010580912,0.006283539,-0.0006928527,-0.02549837,0.005312047,-0.0061363974,-0.011528482,0.0057684025,0.009120327,0.014877548,-0.0031148458,-0.005116949,-0.011652186,0.001178509,0.0017783856,-0.009883008,-0.01495275,-0.0019625663,0.005526625,0.008098424,0.005846381,-0.010872781,-0.00087355374,-0.0024666714,0.0060359766,-0.010796142,-0.008722685,-0.0063942587,0.002020073,1865.589,3988.6548,0.0,1201.3323,1920.673,3968.2961,163.53748,1082.2183,1795.5414,3967.4023,306.39294,987.7752,-0.46598902,0.34130412,0.1595329,0.33190367,-0.029673517,0.3060883,-0.055292845,0.3199983,0.024916042,0.14309986,-0.043243796,0.047945756,0.0436732,-0.44937417,0.36082706,0.15515456,0.36383188,-0.01859917,0.37549588,-0.046514347,0.4000803,0.029384393,0.2279287,-0.0061236364,0.14084232,-0.001358117,0.1722253,-0.0038760826,0.09411805,-0.45107934,0.36754408,0.15288815,0.37591058,-0.023804778,0.39173487,-0.049705926,0.41854036,0.026391882,0.25554895,-0.01606644,0.18053833,-0.013796537,0.21126492,-0.0076900865,0.11747933,-0.007961762,0.07667942,-0.06293902,0.05786564,0
595.642,-4.109024,-27.707703,9.929795,-3.860713,-8.38032,-7.1038146,-20.54277,-28.062191,4.1943803,-16.100183,-2.4704666,-6.743355,-0.1729169,0.15744945,-0.098761514,-0.030194683,0.041245565,-0.0959382,0.05911579,-0.08175349,0.006350227,-0.017110575,-0.020414574,-0.0064628506,-0.033205826,0.025394509,-0.034458634,0.0011451513,0.009572009,-0.015071362,0.008924263,-0.007905884,-0.011017602,0.002572136,-0.007657665,-0.014644951,-0.0007570093,0.011389849,595.642,-4.109024,-27.707703,9.929795,-3.860713,-8.38032,-7.1038146,-20.54277,-28.062191,4.1943803,-16.100183,-2.4704666,-6.743355,2.2257957,-5.522787,-2.2264428,-0.1729169,0.15744945,-0.098761514,-0.030194683,0.041245565,-0.0959382,0.05911579,-0.08175349,0.006350227,-0.017110575,-0.020414574,-0.0064628506,-0.033205826,-0.006630203,-0.011851919,-0.017186565,0.025394509,-0.034458634,0.0011451513,0.009572009,-0.015071362,0.008924263,-0.007905884,-0.011017602,0.002572136,-0.007657665,-0.014644951,-0.0007570093,0.011389849,-0.015462173,-0.0036030856,-0.009929661,595.642,-4.109024,-27.707703,9.929795,-3.860713,-8.38032,-7.1038146,-20.54277,-28.062191,4.1943803,-16.100183,-2.4704666,-6.743355,2.2257957,-5.522787,-2.2264428,-6.2697854,1.1170392,-4.962793,2.7973008,-0.1729169,0.15744945,-0.098761514,-0.030194683,0.041245565,-0.0959382,0.05911579,-0.08175349,0.006350227,-0.017110575,-0.020414574,-0.0064628506,-0.033205826,-0.006630203,-0.011851919,-0.017186565,-0.025778936,0.012378936,-0.025156463,-0.014065525,0.025394509,-0.034458634,0.0011451513,0.009572009,-0.015071362,0.008924263,-0.007905884,-0.011017602,0.002572136,-0.007657665,-0.014644951,-0.0007570093,0.011389849,-0.015462173,-0.0036030856,-0.009929661,-0.0052450113,-0.012195021,-0.012676398,0.008612255,1373.2236,3976.7595,0.0,1273.8394,1362.147,3948.8508,163.82611,1227.8,1181.499,3964.8062,268.13083,1011.3962,-0.31934103,-0.37543365,0.21498375,0.3270599,-0.27551004,0.02738742,0.08596846,0.27862987,-0.13818784,-0.11215659,-0.12317021,0.11451379,-0.010095426,-0.2643978,-0.34938556,0.18248424,0.30222565,-0.31413782,0.03098645,0.12867261,0.3425027,-0.15447816,-0.09922886,-0.07086121,0.118736774,-0.10501735,0.07798642,0.13892743,0.13489172,-0.26283026,-0.34029573,0.18782155,0.3124668,-0.30159247,0.043670893,0.11198385,0.3493245,-0.15719911,-0.09468201,-0.08741365,0.14636259,-0.094093546,0.09749994,0.09890633,0.14918685,0.038917266,-0.0067586266,-0.041517008,0.104610175,4
612.0732,37.816772,-8.402171,35.231804,-4.6109076,4.861374,-11.9032955,-20.942287,-14.249985,0.86338997,-2.9296894,9.361211,-1.1573858,-0.17887895,-0.081326865,0.017195052,-0.06581535,-0.034931142,0.0041952385,0.033590183,-0.012042191,0.022770386,-0.04688298,-0.048950955,-0.01814474,0.0180481,-0.08042919,-0.023541478,0.044872534,-0.033524647,0.018388698,-0.011189224,0.027435917,0.021579333,-0.020529794,-0.047291663,-0.020768207,-0.033850953,-0.04198092,612.0732,37.816772,-8.402171,35.231804,-4.6109076,4.861374,-11.9032955,-20.942287,-14.249985,0.86338997,-2.9296894,9.361211,-1.1573858,4.5363417,-8.902296,-0.98103786,-0.17887895,-0.081326865,0.017195052,-0.06581535,-0.034931142,0.0041952385,0.033590183,-0.012042191,0.022770386,-0.04688298,-0.048950955,-0.01814474,0.0180481,0.004656967,0.014171748,-0.019516537,-0.08042919,-0.023541478,0.044872534,-0.033524647,0.018388698,-0.011189224,0.027435917,0.021579333,-0.020529794,-0.047291663,-0.020768207,-0.033850953,-0.04198092,-0.003182418,0.013825809,0.023899257,612.0732,37.816772,-8.402171,35.231804,-4.6109076,4.861374,-11.9032955,-20.942287,-14.249985,0.86338997,-2.9296894,9.361211,-1.1573858,4.5363417,-8.902296,-0.98103786,-2.3153024,5.5925164,-4.487894,1.6944984,-0.17887895,-0.081326865,0.017195052,-0.06581535,-0.034931142,0.0041952385,0.033590183,-0.012042191,0.022770386,-0.04688298,-0.048950955,-0.01814474,0.0180481,0.004656967,0.014171748,-0.019516537,0.00642764,-0.0022772597,0.0029569936,-0.008074094,-0.08042919,-0.023541478,0.044872534,-0.033524647,0.018388698,-0.011189224,0.027435917,0.021579333,-0.020529794,-0.047291663,-0.020768207,-0.033850953,-0.04198092,-0.003182418,0.013825809,0.023899257,-0.027878819,-0.054736763,0.013506042,0.020769212,1117.2892,3985.5442,156.63861,1277.4965,890.3474,3902.9675,162.52861,1086.3584,661.94885,3902.4358,156.76709,813.0758,0.021569923,-0.030686336,-0.50954854,0.05272661,-0.2735434,0.28738835,-0.10323429,0.26239577,-0.13875274,0.049431834,-0.031523965,0.101477765,-0.015609299,0.04075726,0.061163336,-0.5162158,0.07448909,-0.34813067,0.3613239,-0.16188358,0.41361,-0.22448245,0.1310068,-0.24074954,0.08268025,-0.12947205,0.2755531,0.0531881,0.23286787,0.05159123,0.06963553,-0.50944126,0.085021175,-0.35989892,0.36985734,-0.17291011,0.4213299,-0.22630364,0.15323482,-0.25819308,0.102586016,-0.16413024,0.28465167,0.019347312,0.2695687,0.0315499,0.031825967,-0.055305984,0.047429748,1
494.5186,-25.529716,-29.019407,13.472359,-13.332433,-6.941131,-1.3088249,-17.553976,-14.864379,-5.5469236,-9.4557705,-0.03383445,-9.166956,0.000964448,-0.0028293782,0.0058597447,-0.007544899,0.005984994,-0.0019805678,-0.0016822873,0.002697881,-0.0010779091,-0.0013437213,0.002924006,-0.0033899639,0.0031379526,0.0010337018,-0.0008921957,0.00012282615,-0.00068032055,0.0025341418,-0.00396532,0.0035704263,-0.0017382381,-0.00017416297,0.0015442654,-0.0026345411,0.0032238483,-0.0020891663,494.5186,-25.529716,-29.019407,13.472359,-13.332433,-6.941131,-1.3088249,-17.553976,-14.864379,-5.5469236,-9.4557705,-0.03383445,-9.166956,3.096395,-7.9941998,-4.1926017,0.000964448,-0.0028293782,0.0058597447,-0.007544899,0.005984994,-0.0019805678,-0.0016822873,0.002697881,-0.0010779091,-0.0013437213,0.002924006,-0.0033899639,0.0031379526,-0.0020789104,-0.00015826659,0.0030451862,0.0010337018,-0.0008921957,0.00012282615,-0.00068032055,0.0025341418,-0.00396532,0.0035704263,-0.0017382381,-0.00017416297,0.0015442654,-0.0026345411,0.0032238483,-0.0020891663,-0.0014405859,0.0057392814,-0.0075530354,494.5186,-25.529716,-29.019407,13.472359,-13.332433,-6.941131,-1.3088249,-17.553976,-14.864379,-5.5469236,-9.4557705,-0.03383445,-9.166956,3.096395,-7.9941998,-4.1926017,-6.1216397,-1.9419762,-4.4806924,1.4571466,0.000964448,-0.0028293782,0.0058597447,-0.007544899,0.005984994,-0.0019805678,-0.0016822873,0.002697881,-0.0010779091,-0.0013437213,0.002924006,-0.0033899639,0.0031379526,-0.0020789104,-0.00015826659,0.0030451862,-0.005025404,0.005095781,-0.004134901,0.003967441,0.0010337018,-0.0008921957,0.00012282615,-0.00068032055,0.0025341418,-0.00396532,0.0035704263,-0.0017382381,-0.00017416297,0.0015442654,-0.0026345411,0.0032238483,-0.0020891663,-0.0014405859,0.0057392814,-0.0075530354,0.0048881983,0.00091489835,-0.006229728,0.008241195,2120.1355,3986.0103,155.3782,1350.0208,2089.5505,3983.7761,226.33397,1329.2704,1860.0969,3811.4905,324.94864,1308.8406,-0.5588863,0.23732398,0.47231045,-0.016647484,-0.26559246,0.6436018,-0.047873467,0.018985517,0.13460344,0.29976362,-0.17882574,0.041932788,-0.0152429715,-0.55250406,0.24515694,0.4437211,0.030059166,-0.23598872,0.66313314,-0.04484468,0.12258418,0.11908645,0.31480822,-0.11353748,0.099713586,-0.07267229,0.14264056,0.019616317,0.043584794,-0.5394417,0.2530505,0.45926958,0.048330706,-0.23137559,0.6732643,-0.033583112,0.17677082,0.14211543,0.34513116,-0.059325583,0.17010516,-0.09544517,0.210552,0.0805507,0.038357247,0.03157796,0.13014328,-0.021427631,0.051269744,0
